numPNsPerKC,numPNKCsynapsesPerKC,meanWPerKC,PNDistToPedPerKC,numAPLKCsynapsesPerKC,KCindex,bodyId,subtype
5,65,13,60.9096359375,6,0,300968622,KCab-m_R
4,36,9,71.8349390625,9,1,301309622,KCab-c_R
3,51,17,65.3215104166667,12,2,301314150,KCab-c_R
6,48,8,82.4943046875,5,3,301314154,KCab-c_R
4,46,11.5,62.3389189453125,11,4,301314208,KCab-c_R
5,66,13.2,77.7628015625,9,5,301318641,KCab-c_R
5,74,14.8,56.3380875,4,6,331662668,KCab-m_R
5,103,20.6,59.4012546875,10,7,331662717,KCab-s_R
4,73,18.25,70.1197158203125,15,8,331999156,KCab-c_R
6,82,13.6666666666667,65.5384252232143,5,9,331999213,KCab-s_R
3,64,21.3333333333333,46.9593723958333,7,11,332003629,KCab-m_R
4,69,17.25,54.9529892578125,7,15,332007728,KCab-m_R
5,93,18.6,60.47132890625,6,16,332008063,KCab-m_R
6,82,13.6666666666667,54.7087194010417,12,17,332008082,KCab-m_R
5,73,14.6,73.1267708333333,8,18,332340127,KCab-s_R
5,80,16,51.4306546875,5,19,332340236,KCab-m_R
4,28,7,63.8257875976563,7,20,332344539,KCab-c_R
6,31,5.16666666666667,67.5667145647322,10,21,332344592,KCab-c_R
7,65,9.28571428571429,82.069484375,17,22,332344670,KCab-c_R
5,41,8.2,78.40491875,11,23,332344760,KCab-c_R
4,69,17.25,62.5152822265625,4,24,332344908,KCab-m_R
4,28,7,56.617028125,12,25,332349228,KCab-c_R
5,90,18,70.315725,8,26,332349327,KCab-c_R
4,90,22.5,46.232279296875,11,27,332353106,KCab-m_R
6,80,13.3333333333333,66.440919921875,11,28,332353336,KCab-m_R
8,82,10.25,59.3209780273438,9,29,332353438,KCab-s_R
3,58,19.3333333333333,62.33535546875,13,30,332353566,KCab-m_R
4,60,15,90.908185546875,14,31,332685594,KCab-c_R
6,63,10.5,72.1436796875,8,32,332685751,KCab-c_R
6,94,15.6666666666667,69.6229313616071,17,33,332685755,KCab-c_R
3,54,18,48.9212096354167,10,34,332689776,KCab-m_R
3,70,23.3333333333333,72.7594869791667,11,35,332690153,KCab-c_R
3,85,28.3333333333333,57.1772643229167,6,36,333030976,KCab-m_R
5,56,11.2,64.42341328125,6,37,333031114,KCab-m_R
4,78,19.5,92.12998046875,9,38,333035349,KCab-s_R
4,90,22.5,47.8225576171875,9,39,333039671,KCab-m_R
7,164,23.4285714285714,62.3333325892857,37,40,354775482,KCg-m_R
9,175,19.4444444444444,62.1061831597222,33,41,354779890,KCg-m_R
7,108,15.4285714285714,72.3761467633929,7,42,362689128,KCab-s_R
4,83,20.75,44.7158227539063,12,43,362693077,KCab-m_R
4,63,15.75,44.5854624023438,10,44,362693473,KCab-m_R
6,91,15.1666666666667,63.9478984375,10,45,362697657,KCab-s_R
6,89,14.8333333333333,66.2536217447917,16,46,362701764,KCab-s_R
5,114,22.8,79.97390703125,10,47,362701875,KCab-s_R
3,74,24.6666666666667,56.7131302083333,10,48,362701895,KCab-m_R
7,69,9.85714285714286,77.23802734375,6,49,362701969,KCab-s_R
7,88,12.5714285714286,57.9926545758929,7,50,363029976,KCab-m_R
6,103,17.1666666666667,72.328880859375,6,51,363030024,KCab-m_R
5,58,11.6,81.20909140625,14,52,363030040,KCab-s_R
5,71,14.2,67.309059375,9,53,363034174,KCab-m_R
4,84,21,58.246626953125,18,54,363034211,KCab-m_R
4,72,18,50.7398837890625,8,55,363034407,KCab-m_R
3,47,15.6666666666667,73.0821666666667,7,56,363034501,KCab-c_R
4,42,10.5,78.8248765625,16,57,363038752,KCab-c_R
4,73,18.25,56.7582177734375,16,58,363038831,KCab-m_R
6,88,14.6666666666667,63.2956263020833,9,59,363042781,KCab-m_R
6,97,16.1666666666667,88.2361796875,12,60,363047222,KCab-s_R
6,54,9,89.5178046875,13,61,363370708,KCab-c_R
2,36,18,64.45895703125,4,62,363370913,KCab-m_R
1,22,22,53.15316015625,2,63,363371001,KCab-m_R
4,28,7,69.2430515625,11,64,363375247,KCab-c_R
5,89,17.8,85.1535671875,11,65,363375408,KCab-c_R
2,14,7,67.5763671875,4,66,363375475,KCab-c_R
4,59,14.75,70.12762890625,10,68,363384083,KCab-m_R
3,75,25,58.32447265625,6,69,363384090,KCab-m_R
4,85,21.25,52.392455078125,16,70,363384138,KCab-m_R
7,73,10.4285714285714,61.3245731026786,7,71,363387921,KCab-m_R
4,78,19.5,72.836798828125,6,72,363716151,KCab-c_R
1,29,29,61.6515546875,15,73,363716303,KCab-m_R
4,102,25.5,80.3823623046875,11,74,363716362,KCab-m_R
5,67,13.4,68.70228125,9,75,363724985,KCab-c_R
6,87,14.5,72.4823990885417,8,76,363724996,KCab-c_R
2,79,39.5,53.671880859375,14,78,363725201,KCab-m_R
4,64,16,80.76484375,12,79,363725228,KCab-m_R
5,76,15.2,49.0054171875,10,80,363729312,KCab-m_R
7,73,10.4285714285714,52.5400915178571,5,81,363729314,KCab-m_R
4,53,13.25,66.80546875,10,82,363733406,KCab-s_R
4,89,22.25,60.0404990234375,10,83,364061776,KCab-m_R
4,23,5.75,55.3414677734375,9,85,364070309,KCab-c_R
5,85,17,60.0967484375,9,86,364070517,KCab-m_R
4,62,15.5,55.3192375,12,87,364407023,KCab-m_R
7,89,12.7142857142857,69.2149056919643,5,88,364411143,KCab-s_R
9,197,21.8888888888889,58.1672100694445,36,89,385132611,KCg-m_R
8,142,17.75,61.721177734375,23,90,385158577,KCg-m_R
7,104,14.8571428571429,71.3321573660714,13,91,393383025,KCab-s_R
4,101,25.25,97.623134375,14,92,393387426,KCab-s_R
6,102,17,67.2819547991071,9,93,393736822,KCab-m_R
4,106,26.5,77.387521484375,13,94,394060556,KCab-s_R
6,89,14.8333333333333,58.6714329427083,8,95,394060620,KCab-s_R
5,87,17.4,57.22186328125,7,96,394064790,KCab-m_R
3,70,23.3333333333333,64.8796640625,9,97,394069210,KCab-m_R
4,69,17.25,56.4313359375,11,98,394073547,KCab-m_R
2,33,16.5,52.2946328125,2,99,394077610,KCab-m_R
4,61,15.25,71.4876865234375,11,100,394081878,KCab-s_R
6,95,15.8333333333333,83.8024973958333,12,101,394397189,KCab-s_R
3,87,29,55.7903932291667,11,102,394401778,KCab-m_R
7,81,11.5714285714286,66.4133649553571,14,103,394414724,KCab-m_R
2,74,37,60.282125,12,105,394418743,KCab-m_R
5,124,24.8,86.99274375,16,106,394427392,KCab-s_R
6,58,9.66666666666667,70.558546875,11,107,394755376,KCab-m_R
4,22,5.5,85.1153,6,110,394755742,KCab-c_R
5,54,10.8,84.7712838541667,10,111,394755782,KCab-c_R
6,76,12.6666666666667,77.58269921875,10,112,394759626,KCab-c_R
4,83,20.75,57.95458203125,12,113,394759837,KCab-m_R
4,78,19.5,60.8329814453125,13,114,394764082,KCab-m_R
7,104,14.8571428571429,82.0608370535714,10,115,394768379,KCab-s_R
3,69,23,64.0995950520833,6,116,395105113,KCab-m_R
8,200,25,64.0940030381944,29,117,415494049,KCg-m_R
7,170,24.2857142857143,68.3327594866071,29,118,415511327,KCg-m_R
9,167,18.5555555555556,64.8470842013889,32,119,415835070,KCg-m_R
9,172,19.1111111111111,70.5137313368055,27,120,415835178,KCg-m_R
8,213,26.625,58.4307990451389,20,121,415848195,KCg-m_R
9,172,19.1111111111111,57.9892096354167,20,122,415848228,KCg-m_R
8,171,21.375,61.7351025390625,19,123,415852518,KCg-m_R
10,192,19.2,99.451190625,28,124,415908516,KCg-m_R
7,177,25.2857142857143,60.7364810267857,32,125,416189410,KCg-m_R
10,182,18.2,77.7071515625,24,126,416189500,KCg-m_R
10,188,18.8,63.01221171875,30,127,416508862,KCg-m_R
9,225,25,59.2060538194444,27,128,416837168,KCg-m_R
4,80,20,103.2433359375,10,129,424754530,KCab-s_R
3,63,21,57.7059283854167,7,132,425104113,KCab-m_R
5,84,16.8,55.0052625,8,133,425104216,KCab-m_R
6,87,14.5,75.4298587239583,9,134,425112506,KCab-s_R
6,116,19.3333333333333,91.7531276041667,10,135,425431837,KCab-s_R
5,77,15.4,51.00489375,7,136,425436170,KCab-m_R
7,86,12.2857142857143,91.0197568359375,11,137,425445301,KCab-c_R
6,140,23.3333333333333,94.9068932291667,13,138,425768768,KCab-s_R
5,83,16.6,103.2613875,9,139,425768822,KCab-s_R
5,112,22.4,81.3539296875,16,140,426139965,KCab-s_R
4,75,18.75,77.480986328125,13,141,426464004,KCab-s_R
5,72,14.4,68.8655774739583,6,142,426477089,KCab-s_R
6,171,28.5,53.3596266276042,37,144,446533552,KCg-m_R
6,139,23.1666666666667,56.6397220982143,25,145,446826981,KCg-m_R
10,204,20.4,62.06518046875,26,146,446848967,KCg-m_R
8,188,23.5,71.1706459960938,30,147,446883390,KCg-m_R
8,159,19.875,60.0999155273438,22,148,447219992,KCg-m_R
6,196,32.6666666666667,48.1310794270833,29,149,447224575,KCg-m_R
7,84,12,68.6168881835937,11,150,455793621,KCab-s_R
4,86,21.5,89.23494921875,13,151,455793743,KCab-s_R
3,59,19.6666666666667,78.2638997395833,6,152,455793827,KCab-s_R
5,97,19.4,84.1389328125,8,153,456121649,KCab-s_R
7,92,13.1428571428571,64.4320770089286,10,154,456134692,KCab-s_R
6,96,16,98.5143046875,11,155,456458549,KCab-s_R
6,72,12,75.4477115885417,8,159,456808311,KCab-s_R
7,89,12.7142857142857,89.6333069196429,18,160,456820863,KCab-m_R
6,82,13.6666666666667,87.5132552083333,8,161,457507485,KCab-s_R
2,73,36.5,64.921779296875,14,162,476545134,KCab-m_R
3,31,10.3333333333333,93.294890625,3,163,477262101,KCab-c_R
6,53,8.83333333333333,96.1908515625,14,164,477572961,KCa'b'-ap2_R
10,216,21.6,59.585310546875,24,166,477900945,KCg-m_R
8,204,25.5,64.5846662597656,25,167,477900959,KCg-m_R
8,187,23.375,68.5663403320312,34,168,477909602,KCg-m_R
8,150,18.75,65.2260610351562,26,169,477909679,KCg-m_R
10,204,20.4,63.749578125,28,170,477909698,KCg-m_R
8,180,22.5,63.6082978515625,22,171,478250407,KCg-m_R
8,173,21.625,62.0279868164062,32,172,478250482,KCg-m_R
9,168,18.6666666666667,56.2923064236111,22,173,478660968,KCg-m_R
4,49,12.25,85.7371103515625,5,174,486815976,KCa'b'-ap2_R
4,62,15.5,69.89564375,6,175,486837442,KCa'b'-m_R
5,73,14.6,61.1820625,10,176,487160828,KCa'b'-m_R
3,34,11.3333333333333,59.11052734375,7,177,487489028,KCa'b'-ap2_R
2,33,16.5,54.695724609375,9,178,487489064,KCa'b'-ap2_R
5,72,14.4,65.465396875,11,179,487493197,KCa'b'-ap2_R
6,93,15.5,66.097318359375,8,180,487501700,KCab-s_R
6,90,15,71.5517337239583,7,184,487847296,KCab-s_R
6,81,13.5,70.4577907366072,6,185,488179585,KCab-s_R
8,124,15.5,90.5845795898438,9,187,488184014,KCab-s_R
7,105,15,66.0266071428571,12,188,488188560,KCab-s_R
7,117,16.7142857142857,98.0345457589286,10,189,488205572,KCab-s_R
6,102,17,87.5251653645833,10,191,488533722,KCab-s_R
6,84,14,69.7324759114583,8,192,507243409,KCab-c_R
3,75,25,79.2810807291667,13,193,507260559,KCab-m_R
5,101,20.2,69.016509375,14,194,507592981,KCab-m_R
4,52,13,87.160333984375,14,195,508292573,KCab-c_R
8,154,19.25,60.4724731445313,27,196,508599181,KCg-m_R
9,150,16.6666666666667,51.7869481336806,21,197,508599194,KCg-m_R
10,188,18.8,64.54497265625,31,198,508599211,KCg-m_R
9,201,22.3333333333333,68.6153815104167,34,199,508599271,KCg-m_R
6,138,23,60.6117747395833,28,200,508599276,KCg-m_R
11,178,16.1818181818182,54.2069691051136,29,201,508616471,KCg-m_R
5,91,18.2,55.15811015625,8,202,508918609,KCa'b'-m_R
6,192,32,55.8909817708333,31,203,508935964,KCg-m_R
4,113,28.25,56.013675,15,204,508939879,KCg-m_R
7,139,19.8571428571429,53.3883309151786,29,205,508939914,KCg-m_R
7,162,23.1428571428571,75.8243180803571,20,206,508940291,KCg-m_R
6,199,33.1666666666667,63.098734375,21,207,508949033,KCg-m_R
7,164,23.4285714285714,96.2588337053571,20,208,509013752,KCg-m_R
7,174,24.8571428571429,63.1953798828125,29,209,509264220,KCg-m_R
8,150,18.75,56.8016928710937,16,210,509695478,KCg-m_R
10,172,17.2,55.0799419921875,15,211,509700197,KCg-m_R
7,85,12.1428571428571,81.9502633928571,13,212,517510393,KCa'b'-ap2_R
4,72,18,85.9288359375,14,213,517847127,KCa'b'-ap2_R
4,39,9.75,74.01201953125,7,214,517850316,KCa'b'-ap2_R
6,100,16.6666666666667,62.3558470052083,17,216,517871837,KCa'b'-m_R
4,34,8.5,80.90361328125,10,217,518187118,KCa'b'-ap2_R
6,75,12.5,60.840462890625,11,218,518191547,KCa'b'-ap2_R
7,86,12.2857142857143,50.7940209960937,12,220,518212987,KCa'b'-m_R
5,41,8.2,51.52100234375,7,221,518528152,KCa'b'-ap2_R
4,57,14.25,68.6820302734375,11,222,518532490,KCa'b'-m_R
3,85,28.3333333333333,83.1074921875,11,227,518873469,KCab-s_R
7,112,16,75.2425485491071,7,228,518873604,KCab-s_R
6,94,15.6666666666667,93.2446666666667,13,229,518882016,KCab-s_R
6,74,12.3333333333333,69.3012053571429,12,234,519218919,KCab-s_R
7,78,11.1428571428571,59.1319693080357,7,235,519223027,KCab-s_R
5,86,17.2,53.7824578125,11,236,519223428,KCab-m_R
5,67,13.4,59.7844203125,7,237,519232054,KCab-s_R
5,82,16.4,57.6714734375,7,239,519564501,KCab-s_R
4,53,13.25,94.146150390625,9,240,519573099,KCab-s_R
5,61,12.2,98.485421875,4,242,519900699,KCab-s_R
4,59,14.75,85.76780703125,9,243,519905418,KCab-s_R
3,54,18,80.6869947916667,11,244,537945877,KCab-c_R
4,76,19,63.237693359375,11,245,538282782,KCab-m_R
5,121,24.2,56.1581484375,19,246,538308362,KCab-m_R
9,179,19.8888888888889,63.498709765625,18,247,538602138,KCg-m_R
6,104,17.3333333333333,80.3454739583333,22,248,538653955,KCab-c_R
3,75,25,52.72248046875,6,249,538908474,KCab-m_R
9,172,19.1111111111111,47.9345319010417,31,250,538951958,KCg-m_R
4,88,22,58.084548828125,13,251,539249493,KCab-m_R
5,107,21.4,75.4728234375,30,252,539949478,KCg-m_R
7,179,25.5714285714286,58.1521925223214,19,253,539949536,KCg-m_R
8,215,26.875,63.199248046875,26,254,539975118,KCg-m_R
7,199,28.4285714285714,57.416775390625,29,255,539983731,KCg-m_R
9,145,16.1111111111111,55.9712491319444,24,256,540389646,KCg-m_R
9,172,19.1111111111111,89.8104340277778,21,257,540389734,KCg-m_R
6,123,20.5,67.4564876302083,24,258,540730639,KCg-m_R
7,154,22,67.3953225446429,18,259,540730657,KCg-m_R
6,166,27.6666666666667,60.8104837239583,21,260,540730738,KCg-m_R
4,85,21.25,63.6910751953125,8,262,548549000,KCa'b'-m_R
5,78,15.6,64.33054140625,14,263,548549395,KCa'b'-m_R
5,53,10.6,55.25742421875,7,264,548552875,KCa'b'-m_R
5,83,16.6,53.87602890625,10,265,548552915,KCa'b'-m_R
4,78,19.5,61.8051962890625,10,266,548553386,KCa'b'-m_R
5,76,15.2,70.80929375,7,267,548553494,KCa'b'-m_R
6,67,11.1666666666667,57.4129973958333,9,268,548885313,KCa'b'-ap2_R
3,26,8.66666666666667,68.4569267578125,8,269,548885407,KCa'b'-ap2_R
5,93,18.6,88.895015625,13,270,548889938,KCa'b'-m_R
7,63,9,56.4808169642857,8,271,548894251,KCa'b'-m_R
7,100,14.2857142857143,96.7787626953125,14,272,548898403,KCa'b'-m_R
4,44,11,81.253689453125,6,273,548898520,KCa'b'-m_R
4,88,22,94.621625,13,274,549222167,KCa'b'-ap2_R
6,62,10.3333333333333,61.3492942708333,9,275,549226277,KCa'b'-ap2_R
5,62,12.4,61.55366953125,9,276,549230949,KCa'b'-ap2_R
3,57,19,78.2333333333333,14,278,549567614,KCa'b'-ap2_R
4,67,16.75,64.9220595703125,4,280,549572017,KCab-m_R
4,89,22.25,69.1227509765625,9,281,549576117,KCab-m_R
4,74,18.5,57.66341015625,13,282,549576424,KCab-m_R
7,75,10.7142857142857,55.4657729492187,15,286,549908737,KCa'b'-ap2_R
5,89,17.8,52.237821875,8,287,549916869,KCab-m_R
5,78,15.6,60.05825703125,9,288,549917317,KCab-m_R
4,92,23,78.114126953125,13,290,550271272,KCab-s_R
5,77,15.4,53.4077890625,12,291,550598935,KCab-s_R
6,95,15.8333333333333,65.1105319010417,6,292,550599514,KCab-s_R
4,90,22.5,67.7250751953125,14,293,568635279,KCab-m_R
4,73,18.25,77.450234375,15,294,569002579,KCab-m_R
4,82,20.5,60.3294736328125,9,295,569313277,KCab-m_R
4,67,16.75,54.4835561523438,9,296,569317846,KCab-m_R
4,53,13.25,86.191178125,11,297,569334986,KCab-c_R
6,70,11.6666666666667,63.2796627604167,8,298,569615641,KCab-s_R
6,137,22.8333333333333,53.8455625,24,299,569650323,KCg-m_R
4,89,22.25,47.6144716796875,12,300,569943419,KCab-m_R
8,198,24.75,62.7966044921875,29,301,569999973,KCg-m_R
3,107,35.6666666666667,44.3241627604167,16,302,570288900,KCab-m_R
5,86,17.2,54.30056171875,12,303,570314896,KCa'b'-m_R
11,177,16.0909090909091,69.8838678977273,26,304,570327880,KCg-m_R
7,205,29.2857142857143,72.0714609375,22,305,570336412,KCg-m_R
5,140,28,50.36963125,26,306,570336487,KCg-m_R
8,131,16.375,56.651193359375,21,307,570643102,KCg-m_R
5,113,22.6,62.9108375,18,308,570643109,KCg-m_R
8,137,17.125,64.517416015625,30,309,570643135,KCg-m_R
5,154,30.8,55.7130826822917,25,310,570643193,KCg-m_R
9,152,16.8888888888889,61.8756657986111,17,311,570647526,KCg-m_R
7,129,18.4285714285714,80.3783102678571,20,312,570742510,KCg-m_R
8,123,15.375,110.867443359375,14,313,570742527,KCg-m_R
6,115,19.1666666666667,90.0290513392857,24,314,570742599,KCg-m_R
10,177,17.7,60.269336328125,19,315,570997147,KCg-m_R
10,147,14.7,93.380209375,26,316,571424323,KCg-m_R
8,162,20.25,68.1381411132813,27,317,571424636,KCg-m_R
12,208,17.3333333333333,53.2673818359375,27,318,571424650,KCg-m_R
8,146,18.25,56.9425263671875,22,319,571424748,KCg-m_R
7,136,19.4285714285714,64.1372444196428,21,320,571778381,KCg-m_R
8,172,21.5,62.9924145507812,22,321,571778433,KCg-m_R
6,56,9.33333333333333,46.1468984375,15,323,579583329,KCa'b'-m_R
7,87,12.4285714285714,56.8384631696429,8,324,579587796,KCa'b'-m_R
3,64,21.3333333333333,47.2581236979167,11,325,579592279,KCa'b'-m_R
3,75,25,57.4859296875,10,326,579592619,KCa'b'-m_R
3,54,18,66.2850208333333,10,327,579924731,KCa'b'-m_R
4,37,9.25,61.9129671875,10,328,579928928,KCa'b'-m_R
4,50,12.5,64.28690625,15,329,580598373,KCa'b'-ap2_R
3,58,19.3333333333333,63.7628619791667,6,330,580610916,KCab-m_R
5,83,16.6,58.31304609375,12,331,580611301,KCab-m_R
3,54,18,66.7692825520833,7,334,580951922,KCab-m_R
5,62,12.4,57.5474125,7,335,581293182,KCab-m_R
7,89,12.7142857142857,60.5678113839286,6,336,581633934,KCab-s_R
5,88,17.6,64.5346640625,15,337,599674785,KCab-m_R
5,78,15.6,48.0714984375,9,338,600011602,KCab-m_R
6,121,20.1666666666667,56.7692745535714,25,339,600356751,KCg-m_R
6,93,15.5,71.400546875,4,341,600667501,KCab-s_R
7,144,20.5714285714286,63.9947700892857,21,342,600684832,KCg-m_R
9,166,18.4444444444444,65.8061111111111,27,343,600693904,KCg-m_R
6,175,29.1666666666667,55.76219140625,27,344,600702348,KCg-m_R
9,188,20.8888888888889,58.3704157986111,38,345,600702483,KCg-m_R
9,176,19.5555555555556,56.8395633680556,21,346,601047826,KCg-m_R
10,143,14.3,58.67943359375,23,347,601047827,KCg-m_R
9,155,17.2222222222222,62.9183576388889,28,348,601047853,KCg-m_R
3,79,26.3333333333333,58.10484375,10,349,601319398,KCab-m_R
8,157,19.625,73.5121240234375,16,351,601712754,KCg-m_R
8,178,22.25,55.8648754882812,22,353,602118253,KCg-m_R
5,102,20.4,73.5806796875,26,354,602459169,KCg-m_R
8,98,12.25,78.3215321180556,24,355,602459213,KCg-m_R
10,173,17.3,52.411048046875,23,356,602459682,KCg-m_R
5,70,14,79.371659375,9,357,602808843,KCa'b'-ap2_R
7,163,23.2857142857143,64.9683543526786,20,358,602809029,KCg-m_R
7,104,14.8571428571429,82.0700435267857,9,359,603422422,KCab-s_R
6,94,15.6666666666667,66.9817194010417,11,360,610618198,KCa'b'-m_R
4,65,16.25,59.65380078125,15,361,610968248,KCa'b'-m_R
4,44,11,53.1107373046875,7,362,611300533,KCa'b'-m_R
7,107,15.2857142857143,101.670120535714,17,363,611304789,KCab-s_R
7,66,9.42857142857143,57.7195979352679,10,364,611305085,KCa'b'-m_R
5,104,20.8,53.51810546875,7,365,611309194,KCab-m_R
5,90,18,77.0270052083333,8,367,611646132,KCab-s_R
3,104,34.6666666666667,67.839515625,11,370,612323667,KCa'b'-m_R
5,100,20,99.61770625,12,371,612668833,KCab-s_R
2,53,26.5,107.3588125,5,372,612669205,KCab-s_R
5,83,16.6,79.21341796875,11,373,630373425,KCab-c_R
5,62,12.4,115.9217203125,7,374,630373497,KCab-s_R
5,72,14.4,63.8570611979167,13,375,630377642,KCab-m_R
5,80,16,63.809340625,12,376,630381662,KCab-m_R
8,132,16.5,66.6759677734375,33,377,630381893,KCg-m_R
4,81,20.25,91.028482421875,4,378,630722830,KCab-s_R
6,152,25.3333333333333,92.8522903645833,24,379,630722941,KCg-m_R
7,145,20.7142857142857,82.875375,25,380,630727056,KCg-m_R
5,101,20.2,73.7021640625,14,383,631051012,KCab-s_R
8,189,23.625,70.1065849609375,20,384,631051057,KCg-m_R
9,209,23.2222222222222,55.3428511284722,32,385,631055506,KCg-m_R
7,95,13.5714285714286,71.2875485491071,14,386,631059587,KCab-s_R
7,172,24.5714285714286,94.014015625,32,387,631064055,KCg-m_R
8,160,20,72.2730571289062,24,388,631396256,KCg-m_R
5,99,19.8,64.4636015625,9,389,631396453,KCab-m_R
5,173,34.6,52.242681640625,24,390,631396532,KCg-m_R
6,108,18,37.1945951450893,31,391,631400190,KCg-m_R
9,142,15.7777777777778,76.1569561631945,36,393,631400598,KCg-m_R
8,195,24.375,68.9192368164063,28,394,631400622,KCg-m_R
8,180,22.5,90.7776006944444,29,395,631400693,KCg-m_R
9,184,20.4444444444444,76.3482313368056,29,396,631422121,KCg-m_R
5,145,29,52.3894908854167,21,397,631422224,KCg-m_R
6,151,25.1666666666667,53.270359375,20,398,631733127,KCg-m_R
8,184,23,62.4529091796875,16,399,631737164,KCg-m_R
6,130,21.6666666666667,64.0375924479167,22,400,631737380,KCg-m_R
6,173,28.8333333333333,50.5630143229167,27,402,631741483,KCg-m_R
3,62,20.6666666666667,71.3251145833333,14,403,632013356,KCab-m_R
4,122,30.5,55.1917529296875,18,404,632048075,KCg-m_R
5,97,19.4,50.8965359375,27,405,632069728,KCg-m_R
6,135,22.5,59.7616875,24,406,632069757,KCg-m_R
6,74,12.3333333333333,94.5168544921875,20,407,632069851,KCg-m_R
12,195,16.25,65.261845703125,22,408,632082635,KCg-m_R
9,165,18.3333333333333,57.0494001736111,19,411,632397510,KCg-m_R
9,219,24.3333333333333,58.4238719618056,28,412,632397750,KCg-m_R
7,161,23,47.6388493303572,24,413,632397780,KCg-m_R
11,154,14,52.988390625,27,414,632397786,KCg-m_R
5,103,20.6,60.9913893229167,21,415,632397798,KCg-m_R
7,149,21.2857142857143,46.2561110491071,27,416,632402333,KCg-m_R
8,127,15.875,45.9118083496094,22,417,632734572,KCg-m_R
7,173,24.7142857142857,78.9577983398437,35,419,632808044,KCg-m_R
8,143,17.875,65.054740234375,22,420,633144545,KCg-m_R
7,176,25.1428571428571,75.2617957589286,23,421,633148704,KCg-m_R
8,189,23.625,62.4455158691406,26,422,633148716,KCg-m_R
8,193,24.125,76.19032421875,26,423,633148859,KCg-m_R
11,153,13.9090909090909,72.5830461647727,26,424,633149039,KCg-m_R
7,150,21.4285714285714,57.2755239955357,20,425,633149202,KCg-m_R
9,126,14,55.067930078125,29,426,633498748,KCg-m_R
3,35,11.6666666666667,45.0957526041667,15,427,641653381,KCa'b'-m_R
5,86,17.2,65.888116015625,21,429,642335553,KCa'b'-m_R
6,106,17.6666666666667,96.5087395833333,12,430,642680823,KCab-s_R
3,64,21.3333333333333,61.6367578125,11,432,642680853,KCab-m_R
4,78,19.5,50.6007451171875,7,433,642680881,KCab-m_R
3,60,20,74.8442994791667,9,435,642681035,KCab-m_R
4,64,16,66.0957119140625,8,436,642689607,KCab-m_R
8,86,10.75,69.3195493164063,9,437,643362770,KCab-s_R
4,87,21.75,87.570822265625,7,438,643363111,KCab-s_R
4,98,24.5,99.676421875,5,439,643703819,KCab-s_R
3,50,16.6666666666667,93.5012421875,16,440,660730340,KCab-c_R
2,27,13.5,57.930064453125,5,441,661076014,KCab-c_R
6,91,15.1666666666667,62.5365690104167,18,442,661080007,KCa'b'-m_R
8,177,22.125,77.7680390625,14,443,661084049,KCg-m_R
11,182,16.5454545454545,62.953689453125,21,444,661395129,KCg-m_R
4,94,23.5,56.818060546875,16,445,661399477,KCg-m_R
6,76,12.6666666666667,60.1119381510417,10,446,661407917,KCa'b'-m_R
6,135,22.5,43.2937395833333,24,447,661408056,KCg-m_R
4,81,20.25,62.3564033203125,16,448,661408094,KCab-m_R
8,206,25.75,65.6457431640625,32,449,661421129,KCg-m_R
8,144,18,66.073724609375,25,450,661430106,KCg-m_R
7,111,15.8571428571429,65.4015044642857,29,451,661430179,KCg-m_R
8,132,16.5,82.5130541992187,25,452,661740651,KCg-m_R
10,173,17.3,63.21892890625,27,453,661757811,KCg-m_R
7,121,17.2857142857143,60.4131266741071,15,454,661766416,KCg-m_R
5,109,21.8,69.912171875,21,455,662081640,KCg-m_R
9,156,17.3333333333333,77.5239388020834,27,456,662081902,KCg-m_R
9,200,22.2222222222222,49.56257421875,26,457,662085486,KCg-m_R
8,193,24.125,81.3578706054687,35,458,662094168,KCg-m_R
4,44,11,75.32764453125,14,459,662103124,KCab-c_R
7,140,20,74.3747918526786,22,460,662107551,KCg-m_R
7,128,18.2857142857143,65.0720652901786,21,461,662107593,KCg-m_R
8,76,9.5,59.0143940429688,5,462,662409505,KCa'b'-m_R
4,63,15.75,48.19299609375,8,463,662409582,KCa'b'-ap2_R
4,47,11.75,66.7502607421875,14,464,662414157,KCab-c_R
5,133,26.6,46.81712734375,22,465,662418320,KCg-m_R
6,131,21.8333333333333,74.0682897135417,29,466,662452625,KCg-m_R
8,152,19,75.1337963867188,23,467,662461539,KCg-m_R
5,99,19.8,53.816325,7,468,662728826,KCab-m_R
6,102,17,54.3107213541667,17,469,662754991,KCg-m_R
5,138,27.6,45.579155078125,26,470,662763626,KCg-m_R
4,50,12.5,67.2001494140625,18,471,662763904,KCg-m_R
6,173,28.8333333333333,62.2796692708333,28,472,662767770,KCg-m_R
5,85,17,61.67431875,9,473,662772373,KCab-m_R
8,215,26.875,67.20114453125,24,474,662772393,KCg-m_R
5,95,19,92.0584205729167,8,475,662789529,KCab-s_R
9,155,17.2222222222222,57.2027955729167,16,476,662802782,KCg-m_R
10,178,17.8,68.148392578125,27,477,662806818,KCg-m_R
3,70,23.3333333333333,50.8900325520833,20,478,663091787,KCg-m_R
8,140,17.5,74.345640625,22,480,663134970,KCg-m_R
10,164,16.4,69.926857421875,31,481,663493162,KCg-m_R
10,168,16.8,54.2888966796875,23,482,663834152,KCg-m_R
5,123,24.6,72.521990625,22,483,664141134,KCg-m_R
6,92,15.3333333333333,50.5857472098214,20,484,664184060,KCg-m_R
9,155,17.2222222222222,48.9576939453125,22,485,664187932,KCg-m_R
6,134,22.3333333333333,61.6897407226563,20,486,664188056,KCg-m_R
4,110,27.5,44.94032578125,20,487,664188083,KCg-m_R
8,139,17.375,63.2662729492187,13,488,664188108,KCg-m_R
8,151,18.875,54.7790864257812,17,489,664188129,KCg-m_R
9,148,16.4444444444444,72.3894631076389,31,490,664188211,KCg-m_R
8,63,7.875,50.0265625,9,492,673029543,KCa'b'-m_R
6,62,10.3333333333333,83.17561328125,13,493,673366263,KCa'b'-ap2_R
5,32,6.4,52.590162109375,6,494,673370525,KCa'b'-m_R
5,80,16,54.12915546875,8,495,673715784,KCab-m_R
5,96,19.2,51.5970671875,14,496,674056647,KCab-m_R
6,69,11.5,54.2266888020833,8,497,674056882,KCab-m_R
5,74,14.8,53.60380703125,13,498,674393414,KCa'b'-ap2_R
5,86,17.2,54.0445125,7,499,674398014,KCab-m_R
3,36,12,63.6096510416667,7,500,674738872,KCa'b'-ap2_R
5,79,15.8,62.3122078125,10,501,691760950,KCab-m_R
7,143,20.4285714285714,61.5059068080357,20,502,692093440,KCg-m_R
6,67,11.1666666666667,78.3665825892857,9,503,692110379,KCab-s_R
9,159,17.6666666666667,64.2748441840278,26,504,692119287,KCg-m_R
6,158,26.3333333333333,61.63423046875,22,505,692430198,KCg-m_R
7,178,25.4285714285714,57.54158984375,23,506,692434135,KCg-m_R
13,182,14,83.0984134615385,29,508,692810011,KCg-m_R
7,100,14.2857142857143,71.0418130580357,22,509,692818786,KCg-m_R
10,124,12.4,50.2703987926136,22,510,692818802,KCg-m_R
3,81,27,46.73897265625,14,511,693099031,KCg-m_R
5,76,15.2,64.5186609375,10,512,693099064,KCab-m_R
1,47,47,46.71798828125,14,513,693099102,KCg-m_R
5,34,6.8,61.9453059895833,10,514,693116396,KCab-c_R
5,146,29.2,59.85742421875,18,515,693133603,KCg-m_R
6,73,12.1666666666667,73.5521361607143,12,516,693159855,KCab-s_R
3,34,11.3333333333333,68.383015625,14,517,693448777,KCab-c_R
3,90,30,67.4816822916667,20,518,693453332,KCab-c_R
6,135,22.5,83.3298216145833,26,519,693500431,KCg-m_R
9,187,20.7777777777778,96.6090442708334,22,520,693500652,KCg-m_R
5,108,21.6,45.0347047526042,28,521,693785371,KCg-m_R
4,73,18.25,69.8287255859375,6,522,693785633,KCab-m_R
6,141,23.5,57.204158203125,22,523,693837780,KCg-m_R
8,145,18.125,64.67063671875,23,524,693841887,KCg-m_R
5,78,15.6,93.2514,10,525,693841929,KCab-s_R
7,128,18.2857142857143,64.4913211495536,21,526,693846112,KCg-m_R
9,136,15.1111111111111,62.717421875,16,527,694524222,KCg-m_R
6,125,20.8333333333333,90.2729967447917,10,529,704409742,KCab-s_R
4,99,24.75,66.7949541015625,8,530,704742082,KCa'b'-m_R
6,93,15.5,76.6312115885417,9,533,704750475,KCab-s_R
5,86,17.2,52.16528125,5,534,704750665,KCab-m_R
4,110,27.5,56.644638671875,15,535,704750673,KCab-m_R
4,101,25.25,44.24871875,13,536,704750742,KCab-s_R
8,116,14.5,55.4918850097656,15,537,704750766,KCab-m_R
3,56,18.6666666666667,61.2526901041667,6,538,704750842,KCab-m_R
3,42,14,60.4157213541667,5,539,704759205,KCa'b'-ap2_R
2,54,27,40.794314453125,10,540,705082892,KCa'b'-m_R
4,77,19.25,56.71837109375,4,541,705091521,KCab-m_R
5,31,6.2,65.84741875,6,542,705091769,KCab-c_R
5,66,13.2,70.92421015625,2,544,705432638,KCab-s_R
5,90,18,61.08375234375,9,545,705432922,KCab-m_R
6,82,13.6666666666667,92.93964453125,11,546,705774051,KCab-s_R
7,139,19.8571428571429,64.0624207589286,18,547,722450065,KCg-m_R
8,187,23.375,79.1419248046875,27,549,722467632,KCg-m_R
8,116,14.5,62.785080078125,21,551,722471778,KCg-m_R
8,127,15.875,89.9273185763889,31,553,722821616,KCg-m_R
6,139,23.1666666666667,52.254689453125,29,554,723153828,KCg-m_R
7,142,20.2857142857143,59.802119140625,31,555,723158245,KCg-m_R
7,133,19,76.7849637276786,24,556,723167312,KCg-m_R
8,132,16.5,59.1975512695312,25,557,723495119,KCg-m_R
3,66,22,35.3974895833333,19,561,723508162,KCg-m_R
8,151,18.875,86.29359375,19,562,723848801,KCg-m_R
10,182,18.2,68.321001953125,21,563,723849351,KCg-m_R
4,41,10.25,90.66779375,10,564,723853340,KCab-s_R
4,55,13.75,54.27162734375,6,565,724134138,KCab-m_R
7,134,19.1428571428571,94.9045970982143,26,566,724142845,KCg-m_R
6,148,24.6666666666667,71.3613678385417,16,567,724522447,KCg-m_R
10,168,16.8,56.7844176136364,21,568,724531411,KCg-m_R
8,148,18.5,55.1892475585938,18,569,724867606,KCg-m_R
6,130,21.6666666666667,48.1466220703125,20,570,724867917,KCg-m_R
7,108,15.4285714285714,62.4801666666667,25,571,724876683,KCg-m_R
7,142,20.2857142857143,74.9716886160714,25,572,724885340,KCg-m_R
3,71,23.6666666666667,73.5582643229167,10,573,725174424,KCab-m_R
6,114,19,68.2204889322917,22,574,725200110,KCg-m_R
9,140,15.5555555555556,66.7792530381944,22,575,725217343,KCg-m_R
3,49,16.3333333333333,55.8620481770833,9,576,735785459,KCab-m_R
6,94,15.6666666666667,60.1504173177083,9,577,735785541,KCab-s_R
6,98,16.3333333333333,65.5254303385417,10,578,735785583,KCab-s_R
5,62,12.4,60.8537765625,16,579,735785639,KCab-c_R
6,90,15,71.651375,8,580,735785741,KCab-s_R
6,96,16,77.5100065104167,12,581,735790008,KCab-s_R
5,82,16.4,74.8754546875,12,582,736117977,KCa'b'-m_R
4,53,13.25,59.203880859375,17,583,736122569,KCab-m_R
4,66,16.5,67.465208984375,19,584,736126563,KCab-c_R
3,75,25,53.4275755208333,14,585,736126644,KCab-c_R
6,83,13.8333333333333,73.3961116071429,14,586,736126668,KCab-c_R
2,40,20,67.07658984375,13,587,736126717,KCab-c_R
3,65,21.6666666666667,84.14371875,5,588,736126732,KCab-m_R
4,73,18.25,55.3562607421875,6,589,736126746,KCab-m_R
6,93,15.5,56.0948131510417,8,590,736463614,KCab-m_R
4,77,19.25,61.98419140625,14,591,736467526,KCab-m_R
3,72,24,66.5901901041667,10,592,736467640,KCab-m_R
6,73,12.1666666666667,60.9899231770833,6,593,736808522,KCa'b'-ap2_R
7,120,17.1428571428571,85.6767354910714,10,594,736808904,KCab-s_R
5,88,17.6,72.370646875,10,595,736813212,KCab-s_R
9,86,9.55555555555556,62.5892673611111,19,596,737149820,KCa'b'-ap2_R
5,64,12.8,65.777059375,11,598,737150041,KCa'b'-ap2_R
4,50,12.5,79.843861328125,16,600,753489735,KCab-c_R
4,35,8.75,86.2688203125,10,601,753489892,KCab-c_R
6,82,13.6666666666667,77.2578059895833,20,602,753489951,KCab-c_R
5,128,25.6,73.7237643229167,21,604,753839564,KCg-m_R
7,146,20.8571428571429,46.8438359375,28,605,753847960,KCg-m_R
4,32,8,54.43254765625,12,606,753852265,KCab-c_R
3,46,15.3333333333333,57.5775390625,14,607,753852396,KCab-c_R
7,111,15.8571428571429,50.6202756696429,24,608,753852432,KCg-m_R
1,3,3,49.19530078125,3,609,754163207,KCab-c_R
5,47,9.4,62.007430078125,7,610,754184667,KCab-s_R
4,64,16,52.236412109375,16,611,754188911,KCg-m_R
8,128,16,61.2671923828125,22,612,754188980,KCg-m_R
6,86,14.3333333333333,75.189271484375,8,613,754197850,KCab-s_R
6,123,20.5,44.3545104166667,22,614,754202022,KCg-m_R
1,17,17,40.58242578125,23,615,754206396,KCg-m_R
2,23,11.5,75.8725442708333,10,617,754525744,KCa'b'-ap2_R
5,22,4.4,78.464725,15,618,754538763,KCab-c_R
8,148,18.5,54.0041298828125,24,619,754547386,KCg-m_R
6,132,22,48.0206845703125,18,620,754870859,KCg-m_R
5,47,9.4,73.51184375,15,621,754879354,KCab-c_R
5,74,14.8,72.502871875,6,623,754893183,KCa'b'-ap2_R
3,37,12.3333333333333,53.9294814453125,6,624,755173189,KCab-c_R
4,89,22.25,49.4072509765625,14,625,755177787,KCab-m_R
8,124,15.5,70.2606381835938,27,626,755229523,KCg-m_R
3,16,5.33333333333333,70.7340520833333,8,627,755234235,KCab-c_R
6,99,16.5,74.8744361979167,19,628,755544921,KCg-m_R
3,81,27,56.4287890625,10,629,755851102,KCg-m_R
4,35,8.75,58.9333564453125,7,630,755868550,KCab-c_R
4,101,25.25,62.3846259765625,25,631,756196285,KCg-m_R
4,68,17,74.9073798828125,11,633,756567539,KCab-m_R
8,104,13,57.7422700195313,9,634,756585129,KCab-m_R
4,77,19.25,75.6490810546875,9,636,766820559,KCab-m_R
5,83,16.6,71.86417265625,7,637,767161652,KCab-m_R
7,53,7.57142857142857,77.6827053571429,14,640,767502579,KCab-c_R
3,33,11,65.8819466145833,10,641,767502627,KCab-c_R
4,17,4.25,56.8688818359375,9,642,767502639,KCab-c_R
6,31,5.16666666666667,83.6104123883929,10,643,767502657,KCab-c_R
2,25,12.5,77.6689453125,10,644,767502667,KCab-c_R
4,46,11.5,55.0448291015625,7,645,767852204,KCa'b'-m_R
5,40,8,75.7118984375,9,646,768184496,KCa'b'-m_R
6,106,17.6666666666667,71.99508203125,18,647,768184604,KCa'b'-ap2_R
3,57,19,71.2308125,12,648,768184623,KCa'b'-m_R
4,117,29.25,69.1723837890625,12,650,768525608,KCa'b'-ap2_R
5,77,15.4,75.8022486979167,13,651,768525647,KCa'b'-ap2_R
10,146,14.6,76.2099968039773,17,653,784204967,KCg-m_R
6,147,24.5,83.0492135416667,28,656,784541854,KCg-m_R
4,45,11.25,58.6253369140625,11,658,784844112,KCab-c_R
3,39,13,61.7105338541667,18,659,784882707,KCab-c_R
6,92,15.3333333333333,90.1105286458333,19,660,784895866,KCg-m_R
5,111,22.2,57.7641171875,16,661,785189156,KCab-m_R
5,106,21.2,57.270746875,5,662,785198372,KCab-m_R
4,30,7.5,64.1257125,14,663,785232629,KCab-c_R
5,123,24.6,72.1188020833333,16,664,785232649,KCg-m_R
3,78,26,56.5329677734375,8,665,785525736,KCab-m_R
4,71,17.75,71.4268369140625,7,666,785573850,KCab-s_R
3,15,5,60.17803125,9,667,785888696,KCab-c_R
8,139,17.375,42.9611984863281,21,668,785914742,KCg-m_R
3,60,20,60.1357083333333,10,670,786221078,KCab-m_R
7,98,14,72.36612890625,10,672,786929029,KCab-s_R
4,57,14.25,55.52114453125,11,673,797514653,KCab-m_R
4,58,14.5,60.51739453125,3,674,797855394,KCab-m_R
2,44,22,72.53646875,11,675,798192091,KCab-m_R
3,56,18.6666666666667,52.438708984375,10,676,798192115,KCab-m_R
4,70,17.5,85.7689775390625,8,677,798192162,KCab-c_R
7,88,12.5714285714286,72.5150502232143,9,678,798196366,KCab-m_R
3,49,16.3333333333333,56.65955078125,11,679,798196389,KCab-m_R
4,79,19.75,59.7042563476562,10,680,798196454,KCab-m_R
5,56,11.2,69.7276625,11,681,798196461,KCab-c_R
5,33,6.6,86.09964375,8,682,798528850,KCa'b'-m_R
1,4,4,64.174017578125,6,683,798533259,KCab-c_R
3,32,10.6666666666667,73.02427734375,10,684,798537392,KCab-c_R
7,33,4.71428571428571,73.22861328125,8,685,798537456,KCab-c_R
2,12,6,68.66757421875,8,686,798537538,KCab-c_R
4,69,17.25,83.04523046875,14,688,798537638,KCab-c_R
4,18,4.5,64.08834296875,10,689,798537701,KCab-c_R
5,83,16.6,101.6411046875,7,690,798869986,KCab-s_R
5,59,11.8,74.8798893229167,6,691,798874090,KCab-s_R
5,67,13.4,85.33617109375,22,693,799219511,KCa'b'-m_R
7,81,11.5714285714286,88.3590530133929,7,695,799560834,KCa'b'-m_R
6,88,14.6666666666667,67.96735546875,10,697,799906141,KCa'b'-ap2_R
3,42,14,56.9099755859375,12,699,815240159,KCab-m_R
6,133,22.1666666666667,74.4594544270833,20,701,815580911,KCg-m_R
3,29,9.66666666666667,54.8783564453125,10,702,815585355,KCab-c_R
5,81,16.2,75.2385578125,18,703,815909099,KCg-m_R
4,20,5,64.1663444010417,13,704,815921891,KCab-c_R
6,84,14,64.9213502604167,11,705,815922095,KCab-s_R
4,93,23.25,58.1020830078125,34,706,815922112,KCg-m_R
3,34,11.3333333333333,66.62788671875,16,707,815926323,KCab-c_R
5,71,14.2,52.773210546875,10,708,815926332,KCab-m_R
3,50,16.6666666666667,69.9345638020833,11,709,815926346,KCab-c_R
4,65,16.25,50.74779296875,4,710,815930761,KCab-s_R
4,82,20.5,55.6326904296875,16,714,816254592,KCab-c_R
3,22,7.33333333333333,57.7338619791667,12,715,816263443,KCab-c_R
8,138,17.25,64.728185546875,30,716,816276055,KCg-m_R
9,132,14.6666666666667,54.4184171006944,24,717,816276925,KCg-m_R
4,59,14.75,55.4231796875,12,719,816962833,KCa'b'-ap2_R
1,3,3,96.1208359375,9,720,817294806,KCa'b'-ap2_R
4,32,8,63.4852046875,6,721,817299301,KCa'b'-m_R
4,48,12,72.2976901041667,10,722,817985849,KCab-s_R
4,81,20.25,71.4919111328125,8,723,817993932,KCab-s_R
6,41,6.83333333333333,67.6219459635417,10,724,818637585,KCab-c_R
4,87,21.75,54.535478515625,7,725,829015629,KCab-m_R
5,60,12,72.57433125,4,726,829231385,KCab-m_R
4,67,16.75,58.9777265625,4,727,829231457,KCab-m_R
7,35,5,74.2264287109375,16,730,829572252,KCab-c_R
4,32,8,95.436484375,13,731,829572451,KCab-c_R
1,3,3,47.62992578125,2,732,829572544,KCab-c_R
2,53,26.5,72.94565625,8,733,830586919,KCa'b'-ap2_R
2,18,9,50.10591796875,10,735,846270628,KCab-c_R
2,43,21.5,42.5512734375,13,737,846611449,KCab-c_R
4,33,8.25,65.2940048828125,11,738,846611908,KCab-c_R
3,19,6.33333333333333,61.0798974609375,12,739,846616006,KCab-c_R
4,89,22.25,52.6245615234375,5,740,846616159,KCab-m_R
6,75,12.5,75.5013197544643,10,741,846620223,KCab-s_R
5,75,15,66.1639421875,6,742,846620287,KCab-m_R
4,64,16,64.2622333984375,10,743,846952407,KCab-m_R
3,48,16,51.2453645833333,23,744,846952683,KCab-m_R
4,95,23.75,50.3599311523437,11,747,847254536,KCab-m_R
1,43,43,50.73414453125,2,749,847254581,KCab-m_R
7,93,13.2857142857143,77.9513447265625,6,750,847293869,KCab-s_R
4,97,24.25,46.7770537109375,21,751,847297956,KCg-m_R
5,99,19.8,56.16329453125,13,752,847297982,KCab-m_R
8,128,16,79.8828520507813,22,753,847302850,KCg-m_R
6,65,10.8333333333333,59.331357421875,11,755,847989021,KCab-m_R
4,32,8,54.200462890625,11,756,848287126,KCab-c_R
3,24,8,65.3498658854167,18,757,848316930,KCab-c_R
4,43,10.75,73.7048583984375,18,758,848321392,KCab-c_R
6,119,19.8333333333333,81.108939453125,14,759,848330091,KCab-s_R
4,41,10.25,52.3997587890625,19,760,848662421,KCab-c_R
6,81,13.5,77.3102198660714,15,761,848662441,KCab-c_R
6,88,14.6666666666667,70.578607421875,7,762,848666776,KCab-m_R
8,125,15.625,88.8462431640625,26,763,848692583,KCg-m_R
4,83,20.75,79.03040390625,7,764,849370246,KCab-s_R
8,97,12.125,63.0462290039063,10,765,849370258,KCab-s_R
5,93,18.6,58.464353125,8,766,849685478,KCab-m_R
7,120,17.1428571428571,74.0608214285714,9,767,849707224,KCab-s_R
4,59,14.75,68.0870390625,5,768,859925004,KCab-m_R
3,54,18,57.40428125,7,769,860257495,KCab-m_R
8,70,8.75,77.875279296875,10,770,860261985,KCab-c_R
2,59,29.5,73.2317109375,14,771,860265987,KCab-m_R
4,73,18.25,63.9270439453125,8,772,860266014,KCab-m_R
5,81,16.2,66.31352578125,9,773,860266062,KCab-m_R
4,52,13,55.4900751953125,12,774,860266123,KCab-c_R
6,114,19,69.0894908854167,12,775,860266309,KCab-m_R
3,56,18.6666666666667,70.0794635416667,9,776,860266346,KCab-c_R
4,66,16.5,75.6632978515625,7,777,860266377,KCab-c_R
5,79,15.8,82.4967859375,7,778,860266404,KCab-c_R
3,23,7.66666666666667,67.96808203125,7,779,860603005,KCab-c_R
3,20,6.66666666666667,74.64515625,9,780,860607168,KCab-c_R
6,31,5.16666666666667,75.9202037760417,11,781,860607367,KCab-c_R
4,29,7.25,89.73263671875,3,782,860607450,KCab-c_R
5,55,11,76.58840234375,12,783,860607455,KCab-c_R
5,52,10.4,89.4346140625,13,784,860607480,KCab-c_R
5,26,5.2,65.202985546875,9,785,860607503,KCab-c_R
3,75,25,76.2196302083333,13,786,860944055,KCab-c_R
6,66,11,63.5233821614583,14,789,861630613,KCa'b'-m_R
5,56,11.2,56.29335703125,9,790,861634934,KCa'b'-m_R
4,28,7,66.1450693359375,13,792,877313996,KCab-c_R
4,104,26,62.343857421875,13,793,877318574,KCab-m_R
4,69,17.25,56.6617744140625,12,794,877659583,KCab-m_R
3,70,23.3333333333333,59.5604348958333,16,795,877659673,KCab-m_R
3,39,13,47.1122669270833,14,796,877974490,KCab-c_R
5,63,12.6,68.0565890625,10,797,877982991,KCab-c_R
4,26,6.5,51.374990625,16,798,877987539,KCab-c_R
6,90,15,64.181212890625,12,799,877987901,KCab-m_R
3,56,18.6666666666667,44.0077122395833,10,800,877992236,KCab-m_R
7,71,10.1428571428571,57.60859375,10,801,877992303,KCab-m_R
2,51,25.5,51.040732421875,19,802,878324222,KCab-c_R
3,63,21,40.57195703125,11,803,878324438,KCab-m_R
3,49,16.3333333333333,59.8638190104167,9,804,878333234,KCab-c_R
6,85,14.1666666666667,64.3241217447917,10,805,878333333,KCab-m_R
4,75,18.75,60.579560546875,16,806,878337317,KCab-m_R
5,51,10.2,65.97341640625,12,807,878652627,KCa'b'-m_R
4,66,16.5,44.7513564453125,6,808,878670047,KCab-m_R
5,95,19,59.89586796875,14,809,879032295,KCab-m_R
7,69,9.85714285714286,68.8431607142857,11,810,880055173,KCab-s_R
8,159,19.875,53.4886740451389,19,811,880383629,KCg-m_R
6,89,14.8333333333333,68.5698051757812,3,812,880404940,KCab-m_R
9,99,11,83.6918250868056,7,813,880409455,KCab-s_R
5,78,15.6,65.6468578125,6,815,891301236,KCab-m_R
4,89,22.25,61.0812294921875,8,816,891301315,KCab-m_R
7,90,12.8571428571429,85.153958984375,15,817,891629070,KCab-s_R
5,26,5.2,79.7462734375,10,818,891637860,KCab-c_R
5,51,10.2,95.007121875,11,820,891642215,KCab-c_R
5,48,9.6,86.6095109375,12,821,891642281,KCab-c_R
4,61,15.25,79.77330625,13,822,891642345,KCab-c_R
5,59,11.8,78.8558421875,12,823,891978843,KCab-c_R
4,69,17.25,51.209984375,12,824,893347461,KCa'b'-ap2_R
4,77,19.25,46.831412109375,15,826,908340253,KCab-m_R
4,90,22.5,62.8392421875,8,827,908353540,KCab-m_R
4,87,21.75,52.4210361328125,10,828,908668522,KCab-m_R
6,87,14.5,55.006232421875,11,829,908668556,KCab-m_R
6,87,14.5,53.05734375,13,830,908685688,KCab-m_R
5,83,16.6,56.47527421875,10,831,908685859,KCab-m_R
4,59,14.75,50.8660727539063,8,832,908689934,KCab-m_R
3,77,25.6666666666667,57.6430052083333,6,833,908690107,KCab-m_R
4,51,12.75,61.3719365234375,4,834,908699052,KCab-m_R
5,90,18,49.84017734375,9,835,909026561,KCab-m_R
3,33,11,55.7849791666667,9,836,909026992,KCab-m_R
3,79,26.3333333333333,55.48760546875,10,837,909368173,KCab-m_R
4,101,25.25,53.7086787109375,10,838,909372586,KCab-m_R
3,69,23,58.2049388020833,8,839,909372602,KCab-m_R
3,36,12,67.0798645833333,9,840,909704857,KCab-c_R
9,112,12.4444444444444,69.9944500868056,11,842,909730907,KCab-s_R
5,97,19.4,63.37211875,9,843,909730911,KCab-m_R
3,67,22.3333333333333,55.3715240885417,13,844,910063154,KCab-m_R
5,80,16,57.6690666852679,13,845,910063307,KCab-s_R
4,30,7.5,54.50373984375,8,846,910386568,KCab-c_R
5,83,16.6,60.144124609375,15,847,910404284,KCab-m_R
5,90,18,64.5788890625,9,848,910412830,KCab-m_R
6,82,13.6666666666667,61.6640846354167,8,849,911094343,KCab-m_R
3,22,7.33333333333333,59.4940260416667,12,850,911400981,KCab-c_R
1,23,23,14.314228515625,26,851,911755444,KCg-m_R
6,97,16.1666666666667,46.4622923177083,16,852,911759695,KCg-m_R
7,36,5.14285714285714,66.647720703125,8,854,922677121,KCab-c_R
3,60,20,63.4781341145833,12,855,923013923,KCab-c_R
4,34,8.5,83.190309375,10,856,923018247,KCab-c_R
4,58,14.5,59.6120556640625,9,857,923018290,KCab-m_R
5,78,15.6,71.167265625,11,858,923359312,KCab-s_R
3,50,16.6666666666667,58.248546875,7,859,923700162,KCa'b'-m_R
5,73,14.6,56.28755625,7,861,939030036,KCab-m_R
6,118,19.6666666666667,91.4201393229167,15,862,939729237,KCab-s_R
4,45,11.25,67.5046103515625,12,863,939729706,KCab-c_R
5,71,14.2,78.7629075520833,11,864,939733452,KCab-s_R
7,52,7.42857142857143,49.62309765625,6,865,939733918,KCa'b'-m_R
6,75,12.5,64.42708203125,5,866,939734122,KCab-s_R
4,70,17.5,60.6603720703125,8,867,939734266,KCab-m_R
5,108,21.6,57.275351953125,14,868,939738364,KCab-m_R
6,93,15.5,71.7560390625,10,869,939738376,KCab-s_R
5,60,12,68.7304576822917,6,870,939738399,KCab-m_R
5,99,19.8,77.54779375,14,871,939738424,KCab-c_R
5,73,14.6,68.82639921875,8,872,939738473,KCab-c_R
4,94,23.5,67.5838330078125,7,873,939738477,KCab-m_R
2,27,13.5,89.686140625,10,874,939742503,KCab-c_R
4,54,13.5,72.9388271484375,11,875,939742609,KCab-c_R
4,44,11,50.4582236328125,9,876,940070913,KCab-m_R
4,66,16.5,68.8012431640625,10,878,940075464,KCab-m_R
7,102,14.5714285714286,57.62069921875,7,879,940079170,KCab-s_R
6,83,13.8333333333333,54.7052330729167,4,880,940079253,KCab-m_R
6,84,14,51.5525553385417,8,881,940079513,KCab-m_R
5,78,15.6,58.7838921875,7,882,940079568,KCab-m_R
3,54,18,60.5615338541667,6,883,940079657,KCab-m_R
5,74,14.8,56.582546875,9,884,940079771,KCab-m_R
4,47,11.75,83.013310546875,13,885,940083749,KCab-c_R
7,98,14,65.3835100446429,9,886,940084011,KCab-m_R
3,70,23.3333333333333,84.0179166666667,9,887,940084060,KCab-m_R
7,48,6.85714285714286,76.5537728794643,17,888,940084095,KCab-c_R
5,33,6.6,65.5828577008929,7,889,940084152,KCab-c_R
1,19,19,88.7837265625,1,890,940087822,KCab-c_R
4,46,11.5,56.80019140625,12,891,940420292,KCa'b'-m_R
4,115,28.75,59.341923828125,14,892,940425106,KCab-m_R
5,101,20.2,78.73281640625,11,893,940425171,KCab-s_R
2,40,20,68.0216796875,8,894,940425232,KCab-m_R
5,76,15.2,52.54102109375,6,895,940748411,KCab-m_R
6,77,12.8333333333333,72.0640006510417,7,896,940752707,KCab-m_R
4,64,16,80.92082421875,7,897,940761352,KCab-c_R
5,97,19.4,54.58554609375,7,898,941102504,KCab-m_R
4,55,13.75,62.205453125,8,899,941111195,KCab-m_R
5,101,20.2,70.872464453125,12,901,953029783,KCab-s_R
4,81,20.25,76.8487890625,10,902,953712141,KCab-m_R
6,80,13.3333333333333,98.5697688802083,10,903,954053018,KCab-c_R
6,76,12.6666666666667,61.7711139322917,12,904,954053251,KCab-c_R
6,114,19,91.1577057291667,9,906,954730964,KCab-s_R
7,95,13.5714285714286,90.0126943359375,9,907,970772961,KCab-c_R
6,40,6.66666666666667,77.1529993489583,6,908,970777114,KCab-c_R
4,32,8,73.87660546875,9,909,970777224,KCab-c_R
6,93,15.5,83.877640625,14,910,971113967,KCab-c_R
4,49,12.25,83.02189375,7,911,971118202,KCab-m_R
5,52,10.4,89.886703125,10,912,971118588,KCab-c_R
4,58,14.5,76.191673828125,8,913,971118724,KCab-c_R
3,74,24.6666666666667,72.4589869791667,8,914,971459227,KCab-m_R
7,155,22.1428571428571,70.4845463169643,29,916,972128731,KCg-m_R
7,125,17.8571428571429,52.4222451171875,20,917,973146958,KCg-m_R
12,180,15,56.5124986979167,26,918,973151229,KCg-m_R
8,129,16.125,76.617015625,24,919,973488234,KCg-m_R
5,96,19.2,64.98504453125,10,923,984405805,KCab-m_R
3,86,28.6666666666667,72.9277018229167,11,924,984746802,KCab-m_R
3,76,25.3333333333333,59.5695442708333,7,925,985429128,KCab-m_R
4,67,16.75,63.665794921875,14,926,986793149,KCa'b'-ap2_R
10,179,17.9,70.116470703125,26,929,1003474283,KCg-m_R
7,137,19.5714285714286,78.5696674107143,23,930,1003478461,KCg-m_R
7,184,26.2857142857143,58.1189185267857,23,934,1004527604,KCg-m_R
8,160,20,58.9359770507813,15,935,1004527691,KCg-m_R
5,66,13.2,67.499927734375,18,936,1004527700,KCg-m_R
4,118,29.5,54.5524345703125,28,937,1005179264,KCg-m_R
5,42,8.4,81.7433171875,10,939,1016118651,KCab-c_R
4,19,4.75,69.7908109375,8,940,1016122913,KCab-c_R
4,106,26.5,54.8012763671875,8,942,1016459595,KCab-m_R
5,68,13.6,67.07206328125,10,944,1017819398,KCa'b'-ap2_R
10,193,19.3,69.2831046875,28,948,1035557785,KCg-m_R
7,162,23.1428571428571,49.7319748883929,28,949,1035562328,KCg-m_R
7,184,26.2857142857143,60.9892405133929,22,950,1036559440,KCg-m_R
6,159,26.5,67.1268325892857,27,951,1036559490,KCg-m_R
6,105,17.5,67.29113671875,12,953,1046812283,KCab-m_R
4,49,12.25,80.570568359375,12,954,1046816660,KCab-c_R
4,96,24,64.9522,11,956,1047157746,KCab-m_R
5,101,20.2,58.10360234375,8,958,1047835635,KCa'b'-m_R
3,41,13.6666666666667,66.0168984375,12,959,1048517845,KCa'b'-m_R
6,94,15.6666666666667,73.8846282552083,8,960,1048854479,KCa'b'-ap2_R
7,130,18.5714285714286,72.5275903320313,23,964,1067598881,KCg-m_R
8,150,18.75,84.6760499131945,26,965,1068272038,KCg-m_R
7,141,20.1428571428571,87.63630859375,30,966,1068276312,KCg-m_R
5,97,19.4,50.100877734375,26,967,1068613227,KCg-m_R
7,177,25.2857142857143,49.867705078125,29,968,1068613231,KCg-m_R
8,143,17.875,64.584224609375,15,969,1068613282,KCg-m_R
7,172,24.5714285714286,56.1559810267857,25,970,1068617431,KCg-m_R
9,145,16.1111111111111,45.1446184895833,20,971,1068954342,KCg-m_R
6,127,21.1666666666667,49.1286015625,21,972,1068954391,KCg-m_R
6,161,26.8333333333333,50.987693359375,19,973,1068958593,KCg-m_R
9,175,19.4444444444444,85.0065138888889,28,974,1068958652,KCg-m_R
7,151,21.5714285714286,57.1883423549107,22,975,1069295816,KCg-m_R
6,151,25.1666666666667,53.42428515625,23,976,1069295830,KCg-m_R
5,68,13.6,86.2795375,11,977,1077851524,KCab-c_R
5,65,13,61.092278125,6,979,1078525257,KCab-m_R
4,64,16,57.6740263671875,10,980,1078534091,KCab-s_R
6,101,16.8333333333333,78.2451456473214,9,981,1078534115,KCab-s_R
4,73,18.25,81.043646484375,10,983,1078875017,KCab-s_R
7,104,14.8571428571429,67.2646378348214,12,984,1079215685,KCa'b'-ap2_R
3,47,15.6666666666667,73.6137317708333,13,985,1080566792,KCa'b'-ap2_R
10,148,14.8,54.8390298295454,14,988,1080580151,KCg-m_R
7,154,22,74.65044140625,22,989,1096919756,KCg-m_R
9,170,18.8888888888889,64.73655859375,27,990,1097265345,KCg-m_R
8,127,15.875,78.5927998046875,21,991,1100675450,KCg-m_R
8,157,19.625,81.4602885742188,23,992,1100675497,KCg-m_R
4,96,24,59.46313125,22,993,1101012503,KCg-m_R
7,100,14.2857142857143,42.5746579241071,32,994,1101353948,KCg-m_R
6,92,15.3333333333333,59.776138671875,10,995,1108541296,KCab-m_R
5,120,24,82.6591265625,12,997,1108545599,KCab-s_R
3,95,31.6666666666667,64.19041796875,8,998,1109223365,KCab-m_R
6,85,14.1666666666667,58.8864283854167,11,999,1109568528,KCab-s_R
9,211,23.4444444444444,60.1500568576389,32,1000,1110937445,KCg-m_R
5,113,22.6,79.5392859375,25,1001,1110985490,KCg-m_R
10,209,20.9,83.98833671875,32,1002,1111278454,KCg-m_R
3,58,19.3333333333333,67.5335130208333,16,1003,1111615136,KCa'b'-ap2_R
8,170,21.25,91.1459169921875,31,1006,1129323248,KCg-m_R
8,121,15.125,106.915432617188,10,1007,1130687130,KCab-s_R
5,103,20.6,61.3312609375,5,1008,1139921468,KCab-m_R
4,88,22,57.0550239257813,10,1009,1139921865,KCab-m_R
7,120,17.1428571428571,82.5946953125,7,1010,1140603698,KCab-s_R
6,138,23,66.5775732421875,27,1011,1140950118,KCg-m_R
8,142,17.75,62.014361328125,24,1012,1141006088,KCg-m_R
6,139,23.1666666666667,55.854068359375,27,1013,1141009899,KCg-m_R
8,143,17.875,52.0084092881944,19,1014,1141010036,KCg-m_R
11,190,17.2727272727273,69.3503362630208,28,1016,1141290695,KCg-m_R
4,112,28,66.1338076171875,19,1017,1141290835,KCg-m_R
10,148,14.8,59.635691796875,16,1018,1141337518,KCg-m_R
5,109,21.8,51.611937890625,22,1019,1141337629,KCg-m_R
8,127,15.875,54.8041019965278,29,1020,1141337663,KCg-m_R
8,116,14.5,62.641317578125,22,1021,1141337757,KCg-m_R
9,139,15.4444444444444,52.3757484809028,32,1022,1141342260,KCg-m_R
8,143,17.875,67.1797705078125,24,1023,1141342299,KCg-m_R
7,115,16.4285714285714,55.6763708147321,33,1024,1141346217,KCg-m_R
9,147,16.3333333333333,59.641162109375,25,1025,1141346308,KCg-m_R
11,175,15.9090909090909,69.2160662286932,28,1026,1141346462,KCg-m_R
1,46,46,43.68230859375,9,1027,1141346472,KCg-m_R
5,144,28.8,62.95763125,27,1028,1141630854,KCg-m_R
10,140,14,85.131403125,23,1029,1141631198,KCg-m_R
8,168,21,93.17382421875,26,1030,1141631240,KCg-m_R
7,145,20.7142857142857,64.2625678710938,21,1031,1141636055,KCg-m_R
9,144,16,68.2283328125,23,1032,1141636389,KCg-m_R
6,110,18.3333333333333,58.2884291294643,29,1033,1141674495,KCg-m_R
5,108,21.6,51.9632515625,23,1034,1141678637,KCg-m_R
9,193,21.4444444444444,65.8391983506944,22,1035,1141678931,KCg-m_R
8,149,18.625,71.215287109375,21,1036,1141682748,KCg-m_R
6,171,28.5,69.3606725260417,17,1037,1141687352,KCg-m_R
6,108,18,55.9624641927083,22,1038,1141691881,KCg-m_R
8,128,16,69.297546875,22,1039,1141972158,KCg-m_R
9,144,16,78.3695737847222,18,1040,1141972202,KCg-m_R
7,130,18.5714285714286,56.9772706473214,23,1041,1141976953,KCg-m_R
10,190,19,54.4964254261364,21,1042,1141977014,KCg-m_R
9,146,16.2222222222222,52.9544800347222,24,1043,1141977071,KCg-m_R
9,184,20.4444444444444,79.03257421875,22,1044,1142019737,KCg-m_R
5,104,20.8,52.60311171875,11,1045,1142019868,KCg-m_R
6,127,21.1666666666667,60.8178580729167,27,1047,1142024290,KCg-m_R
4,71,17.75,73.3838955078125,26,1048,1142028710,KCg-m_R
9,116,12.8888888888889,77.5082560763889,18,1049,1142356511,KCg-m_R
10,190,19,63.229953125,19,1050,1142360528,KCg-m_R
9,110,12.2222222222222,70.6653433159722,15,1051,1142658717,KCg-m_R
4,84,21,60.2505498046875,18,1052,1142706421,KCg-m_R
6,150,25,75.5180245535714,23,1054,1143332046,KCg-m_R
7,169,24.1428571428571,61.1600128348214,25,1055,1143340753,KCg-m_R
6,97,16.1666666666667,84.2270104166667,23,1056,1143677310,KCg-m_R
10,174,17.4,63.213075390625,26,1057,1143686159,KCg-m_R
8,164,20.5,57.3610998263889,25,1058,1161731111,KCg-m_R
5,76,15.2,63.0710859375,11,1059,1162063500,KCab-m_R
9,200,22.2222222222222,88.9826970486111,28,1060,1164113870,KCg-m_R
7,151,21.5714285714286,78.1198549107143,28,1061,1165465632,KCg-m_R
3,43,14.3333333333333,80.75926953125,11,1063,1169661785,KCa'b'-ap2_R
4,79,19.75,79.432673828125,8,1069,1170606692,KCab-s_R
4,102,25.5,78.1095166015625,20,1075,1171704378,KCg-m_R
9,161,17.8888888888889,55.2422274305556,31,1076,1172044382,KCg-m_R
7,152,21.7142857142857,56.1360887276786,25,1077,1172053274,KCg-m_R
9,164,18.2222222222222,64.0329479166667,20,1078,1172363878,KCg-m_R
5,87,17.4,70.87551015625,31,1079,1172372291,KCg-m_R
4,139,34.75,48.8363671875,24,1080,1172372382,KCg-m_R
6,150,25,51.9940227864583,27,1081,1172385513,KCg-m_R
8,174,21.75,88.1781286621094,31,1082,1172665846,KCg-m_R
5,93,18.6,74.34260546875,16,1083,1172670463,KCg-m_R
6,108,18,66.9865794270833,27,1084,1172704683,KCg-m_R
5,117,23.4,75.38153984375,32,1085,1172713514,KCg-m_R
8,145,18.125,57.6133486328125,20,1087,1172730733,KCg-m_R
6,156,26,49.57683203125,17,1088,1173016042,KCg-m_R
7,154,22,78.8495178571429,25,1089,1173054679,KCg-m_R
6,115,19.1666666666667,75.7645345052083,23,1090,1173063302,KCg-m_R
6,116,19.3333333333333,56.0184752604167,26,1091,1173067651,KCg-m_R
8,164,20.5,52.4478483886719,16,1092,1173072129,KCg-m_R
3,46,15.3333333333333,64.0179479166667,6,1093,1173347968,KCa'b'-ap2_R
8,157,19.625,80.156623046875,21,1094,1173391076,KCg-m_R
6,159,26.5,38.9847132161458,18,1095,1173408617,KCg-m_R
7,151,21.5714285714286,68.7255284598214,24,1097,1173732234,KCg-m_R
7,200,28.5714285714286,42.865451171875,23,1098,1173745220,KCg-m_R
7,140,20,65.8216612723214,21,1099,1173745411,KCg-m_R
10,204,20.4,85.95268203125,15,1100,1174008477,KCg-m_R
6,184,30.6666666666667,58.4385807291667,17,1101,1174077762,KCg-m_R
7,145,20.7142857142857,57.7141015625,27,1102,1174384118,KCg-m_R
5,106,21.2,67.10685078125,16,1104,1174712037,KCg-m_R
5,85,17,53.7207506510417,8,1107,1200351169,KCa'b'-ap2_R
6,78,13,51.77323828125,12,1108,1200351200,KCa'b'-ap2_R
5,61,12.2,52.88253984375,7,1109,1200683283,KCa'b'-ap2_R
4,87,21.75,51.817771484375,12,1110,1200687913,KCa'b'-ap2_R
3,60,20,102.088984375,12,1111,1200700424,KCa'b'-ap2_R
9,190,21.1111111111111,61.86829140625,21,1115,1202410042,KCg-m_R
5,58,11.6,63.06992578125,12,1116,1202673723,KCa'b'-ap2_R
9,124,13.7777777777778,83.5833589409722,12,1117,1202737975,KCg-m_R
7,138,19.7142857142857,63.4917405133929,21,1118,1203420037,KCg-m_R
9,132,14.6666666666667,50.0167955729167,22,1119,1203424360,KCg-m_R
4,37,9.25,63.9970009765625,8,1121,1203709763,KCa'b'-m_R
10,142,14.2,50.1547517578125,24,1129,1204076441,KCg-m_R
7,158,22.5714285714286,69.7989001116071,24,1131,1204443547,KCg-m_R
9,149,16.5555555555556,59.4560503472222,17,1132,1204447548,KCg-m_R
9,169,18.7777777777778,56.5686076388889,26,1133,1204775735,KCg-m_R
7,128,18.2857142857143,47.6100398995536,23,1134,1204784216,KCg-m_R
7,137,19.5714285714286,69.4618237304688,26,1135,1224137476,KCg-m_R
5,60,12,85.2168484375,15,1137,1231718414,KCa'b'-ap2_R
3,56,18.6666666666667,58.9893642578125,11,1138,1231735257,KCa'b'-ap2_R
5,84,16.8,85.39534296875,9,1139,1232654731,KCg-m_R
5,81,16.2,78.4553828125,8,1140,1233703950,KCab-s_R
8,114,14.25,50.5876970214844,22,1142,1234800242,KCg-m_R
4,105,26.25,69.0231318359375,23,1146,1236073998,KCg-m_R
5,117,23.4,49.3495109375,21,1147,1236816635,KCg-m_R
6,110,18.3333333333333,104.873791666667,10,1149,1261989183,KCab-s_R
6,172,28.6666666666667,60.3105325520833,25,1150,1265157632,KCg-m_R
8,156,19.5,55.9454555664063,27,1152,1267164975,KCg-m_R
6,86,14.3333333333333,68.915005859375,13,1155,1294465669,KCa'b'-ap2_R
9,147,16.3333333333333,65.608555078125,35,1156,1297202769,KCg-m_R
7,126,18,43.5066099330357,23,1157,1297556652,KCg-m_R
7,106,15.1428571428571,64.2507659040179,14,1158,1313496027,KCa'b'-ap2_R
6,88,14.6666666666667,77.3295397135417,5,1159,1327494939,KCab-s_R
5,74,14.8,58.21334609375,8,1160,1327831724,KCa'b'-m_R
3,75,25,101.30709375,8,1161,1327831994,KCab-s_R
6,91,15.1666666666667,82.0183190104167,6,1164,1359212271,KCab-s_R
4,74,18.5,101.903431640625,9,1165,1359553384,KCab-s_R
4,61,15.25,70.4812451171875,10,1168,1390618359,KCab-m_R
4,96,24,112.365177734375,15,1169,1390942076,KCab-s_R
5,70,14,62.90813359375,4,1172,1420306364,KCab-m_R
5,118,23.6,70.326628125,11,1173,1420651734,KCab-m_R
6,86,14.3333333333333,83.0608997395833,6,1174,1420966843,KCab-s_R
5,72,14.4,54.8722296875,10,1175,1421666260,KCab-m_R
4,86,21.5,77.850134765625,10,1176,1449670372,KCab-s_R
7,67,9.57142857142857,85.2362433035714,8,1177,1450011431,KCab-c_R
4,82,20.5,49.2202197265625,14,1179,1451695303,KCab-m_R
4,60,15,62.076671875,9,1180,1515418525,KCa'b'-m_R
8,140,17.5,91.07666796875,18,1182,5812979015,KCg-m_R
6,151,25.1666666666667,47.068556640625,19,1183,5812979016,KCg-m_R
6,168,28,80.7242786458333,24,1184,5812979069,KCg-m_R
9,143,15.8888888888889,73.8599713541667,25,1187,5812979128,KCg-m_R
6,117,19.5,66.358861328125,22,1188,5812979133,KCg-m_R
4,86,21.5,103.169720703125,19,1189,5812979175,KCg-m_R
7,152,21.7142857142857,62.6155998883929,24,1190,5812979176,KCg-m_R
6,141,23.5,75.76679296875,22,1191,5812979177,KCg-m_R
8,147,18.375,42.8729097222222,24,1192,5812979187,KCg-m_R
7,131,18.7142857142857,51.8564581473214,27,1193,5812979188,KCg-m_R
4,70,17.5,55.48700390625,29,1194,5812979191,KCg-m_R
7,177,25.2857142857143,60.9658811383929,30,1196,5812979197,KCg-m_R
6,130,21.6666666666667,40.8966910807292,27,1198,5812979326,KCg-m_R
5,114,22.8,53.9122734375,14,1199,5812979371,KCg-m_R
8,173,21.625,56.9862270507812,27,1200,5812979408,KCg-m_R
7,110,15.7142857142857,81.7251071428571,7,1204,5812980179,KCab-s_R
2,63,31.5,66.010845703125,6,1205,5812980192,KCab-m_R
4,85,21.25,50.635287109375,11,1206,5812980207,KCab-m_R
6,84,14,57.6671673177083,5,1207,5812980209,KCab-m_R
4,69,17.25,66.3080439453125,3,1208,5812980212,KCab-m_R
6,73,12.1666666666667,65.570958984375,7,1209,5812980219,KCab-m_R
4,49,12.25,81.679830078125,12,1210,5812980220,KCab-c_R
7,86,12.2857142857143,71.9536813616071,9,1211,5812980222,KCab-m_R
5,74,14.8,84.601953125,6,1212,5812980351,KCab-s_R
3,54,18,61.0502669270833,14,1213,5812980369,KCab-m_R
3,52,17.3333333333333,67.2312447916667,12,1214,5812980370,KCab-c_R
3,60,20,62.03179296875,4,1215,5812980376,KCab-m_R
5,78,15.6,90.8388426339286,6,1216,5812980378,KCab-s_R
2,26,13,82.4403255208333,5,1217,5812980379,KCab-c_R
7,152,21.7142857142857,64.1668270089286,18,1218,5812980386,KCg-m_R
3,74,24.6666666666667,53.5736067708333,8,1219,5812980395,KCab-m_R
5,54,10.8,77.808146875,9,1220,5812980397,KCab-s_R
5,58,11.6,72.830521875,3,1221,5812980398,KCab-s_R
5,64,12.8,51.286059375,7,1222,5812980404,KCab-s_R
5,94,18.8,86.1965796875,10,1223,5812980408,KCab-s_R
3,76,25.3333333333333,48.7134466145833,17,1224,5812980410,KCab-m_R
4,71,17.75,58.266638671875,9,1225,5812980414,KCab-m_R
6,94,15.6666666666667,70.936337890625,7,1226,5812980425,KCab-s_R
7,73,10.4285714285714,84.9478616071429,9,1227,5812980426,KCab-s_R
7,106,15.1428571428571,72.9331473214286,15,1228,5812980428,KCab-s_R
5,65,13,71.80872109375,10,1229,5812980432,KCab-c_R
3,68,22.6666666666667,60.2272356770833,10,1230,5812980438,KCab-m_R
7,101,14.4285714285714,75.7748465401786,13,1231,5812980444,KCab-s_R
6,81,13.5,64.2690078125,5,1232,5812980446,KCab-m_R
3,40,13.3333333333333,78.25462890625,9,1233,5812980448,KCab-c_R
9,133,14.7777777777778,74.1232235243056,25,1234,5812980537,KCg-m_R
4,66,16.5,90.54342578125,11,1235,5812980555,KCab-s_R
5,118,23.6,56.7591421875,11,1236,5812980557,KCab-m_R
5,76,15.2,60.62740078125,4,1237,5812980561,KCab-m_R
4,91,22.75,86.636765625,14,1239,5812980569,KCab-c_R
9,190,21.1111111111111,71.5935277777778,27,1240,5812980579,KCg-m_R
7,148,21.1428571428571,64.5012974330357,25,1241,5812980580,KCg-m_R
4,97,24.25,68.5950771484375,23,1242,5812980588,KCg-m_R
5,22,4.4,85.3563125,8,1243,5812980590,KCab-c_R
4,87,21.75,70.7259892578125,11,1244,5812980593,KCab-m_R
6,85,14.1666666666667,68.733109375,16,1245,5812980594,KCab-c_R
4,37,9.25,63.73208046875,12,1246,5812980597,KCab-c_R
7,100,14.2857142857143,54.8749123883929,12,1247,5812980599,KCab-m_R
3,22,7.33333333333333,63.91684765625,10,1248,5812980600,KCab-c_R
4,96,24,67.9298974609375,6,1249,5812980611,KCab-s_R
4,96,24,49.87665625,13,1250,5812980615,KCab-m_R
5,72,14.4,74.0341640625,8,1251,5812980618,KCab-s_R
3,72,24,61.363515625,8,1252,5812980624,KCab-m_R
9,207,23,64.4807721354167,22,1253,5812980638,KCg-m_R
5,82,16.4,64.66283828125,9,1255,5812980787,KCab-m_R
9,178,19.7777777777778,58.9824442471591,25,1257,5812980796,KCg-m_R
2,19,9.5,60.6328346354167,6,1258,5812980799,KCab-c_R
5,92,18.4,75.79825703125,17,1259,5812980802,KCab-c_R
2,31,15.5,66.005818359375,6,1260,5812980803,KCab-c_R
5,76,15.2,57.81984765625,4,1261,5812980806,KCab-m_R
5,72,14.4,107.1504203125,7,1262,5812980811,KCab-s_R
7,162,23.1428571428571,60.2747890625,26,1263,5812980813,KCg-m_R
2,40,20,53.11291796875,11,1264,5812980892,KCab-m_R
4,66,16.5,75.4725361328125,15,1265,5812980931,KCab-s_R
8,157,19.625,61.2339235839844,23,1266,5812980934,KCg-m_R
5,95,19,72.92576015625,5,1269,5812980944,KCab-s_R
6,104,17.3333333333333,55.681751953125,14,1270,5812980947,KCab-m_R
5,81,16.2,77.70311875,12,1271,5812980965,KCab-c_R
6,111,18.5,99.2292916666667,29,1272,5812980973,KCg-m_R
7,166,23.7142857142857,57.64008203125,28,1273,5812980992,KCg-m_R
5,91,18.2,73.23729765625,22,1274,5812981038,KCg-m_R
3,59,19.6666666666667,63.9843619791667,9,1275,5812981039,KCab-m_R
3,75,25,65.5737799479167,13,1276,5812981042,KCab-m_R
6,93,15.5,68.5754329427083,12,1278,5812981068,KCa'b'-ap2_R
6,82,13.6666666666667,40.8928294270833,11,1279,5812981071,KCa'b'-m_R
5,52,10.4,59.318559375,7,1280,5812981072,KCa'b'-m_R
5,81,16.2,75.32713203125,7,1281,5812981086,KCab-s_R
4,86,21.5,65.1755107421875,8,1282,5812981104,KCab-m_R
7,88,12.5714285714286,72.89804296875,11,1283,5812981106,KCab-s_R
3,64,21.3333333333333,71.6247018229167,14,1284,5812981109,KCab-c_R
4,83,20.75,61.9305986328125,11,1285,5812981127,KCab-m_R
4,80,20,62.6270947265625,8,1286,5812981136,KCab-s_R
8,191,23.875,50.3458569335938,19,1287,5812981141,KCg-m_R
7,138,19.7142857142857,54.90880078125,27,1288,5812981142,KCg-m_R
7,128,18.2857142857143,51.5215825892857,26,1289,5812981148,KCg-m_R
7,188,26.8571428571429,72.4585452008929,26,1290,5812981153,KCg-m_R
7,144,20.5714285714286,61.0525452008929,27,1291,5812981154,KCg-m_R
9,197,21.8888888888889,86.3001041666667,28,1292,5812981160,KCg-m_R
9,197,21.8888888888889,62.7396857638889,24,1294,5812981227,KCg-m_R
4,73,18.25,66.70661640625,19,1295,5812981270,KCa'b'-ap2_R
6,49,8.16666666666667,69.090033203125,14,1296,5812981274,KCa'b'-ap2_R
2,33,16.5,57.061669921875,8,1297,5812981275,KCa'b'-ap2_R
4,94,23.5,65.2912646484375,12,1298,5812981277,KCa'b'-ap2_R
5,85,17,70.46705078125,11,1299,5812981279,KCa'b'-ap2_R
2,52,26,56.2369453125,7,1300,5812981290,KCa'b'-ap2_R
3,63,21,78.6733776041667,12,1301,5812981308,KCa'b'-m_R
2,48,24,45.040759765625,10,1302,5812981318,KCa'b'-ap2_R
4,66,16.5,58.8483876953125,12,1303,5812981320,KCa'b'-ap2_R
7,71,10.1428571428571,70.6604927455357,9,1304,5812981322,KCa'b'-ap2_R
5,85,17,65.64853046875,8,1305,5812981327,KCa'b'-ap2_R
5,87,17.4,74.0283625,19,1307,5812981333,KCa'b'-ap2_R
5,67,13.4,76.38705,14,1312,5812981361,KCa'b'-ap2_R
3,36,12,81.1631223958333,11,1313,5812981373,KCa'b'-ap2_R
6,73,12.1666666666667,106.594657552083,13,1314,5812981379,KCab-s_R
4,92,23,69.6160439453125,8,1315,5812981390,KCab-m_R
3,72,24,70.47255859375,14,1316,5812981399,KCa'b'-m_R
6,102,17,55.3059934895833,12,1317,5812981400,KCa'b'-m_R
5,90,18,63.24422421875,17,1318,5812981401,KCa'b'-m_R
8,147,18.375,66.784736328125,23,1319,5812981432,KCg-m_R
8,161,20.125,62.5211791992188,27,1320,5812981441,KCg-m_R
5,165,33,85.8720625,20,1321,5812981467,KCg-m_R
6,63,10.5,52.81283984375,11,1322,5812981553,KCa'b'-m_R
4,70,17.5,62.4839287109375,17,1323,5812981563,KCa'b'-ap2_R
5,45,9,56.1663734375,10,1324,5812981564,KCa'b'-m_R
4,54,13.5,58.4850576171875,10,1325,5812981569,KCa'b'-m_R
5,55,11,57.0070006510417,5,1326,5812981570,KCa'b'-m_R
5,55,11,85.29270859375,6,1327,5812981578,KCa'b'-m_R
5,57,11.4,48.6976734375,9,1328,5812981581,KCa'b'-ap2_R
4,70,17.5,88.914615234375,15,1329,5812981582,KCa'b'-ap2_R
3,51,17,67.0306904296875,16,1330,5812981586,KCa'b'-ap2_R
4,61,15.25,60.039978125,14,1331,5812981590,KCa'b'-m_R
5,51,10.2,79.4754359375,9,1332,5812981602,KCa'b'-ap2_R
5,70,14,84.54090625,12,1333,5812981607,KCab-s_R
9,188,20.8888888888889,74.6174505208333,28,1334,5812981616,KCg-m_R
6,79,13.1666666666667,81.955646484375,9,1335,5812981618,KCab-s_R
4,74,18.5,49.5180185546875,12,1336,5812981619,KCab-m_R
4,70,17.5,69.27338671875,11,1338,5812981654,KCab-c_R
5,98,19.6,67.716259375,10,1339,5812981667,KCab-m_R
3,74,24.6666666666667,54.495328125,10,1340,5812981669,KCab-m_R
5,72,14.4,84.8341046875,6,1341,5812981670,KCab-s_R
3,59,19.6666666666667,57.99201171875,13,1342,5812981671,KCab-m_R
6,90,15,81.5220651041667,8,1343,5812981673,KCab-s_R
5,113,22.6,93.9942359375,12,1344,5812981676,KCab-s_R
6,81,13.5,80.4730455729167,13,1345,5812981679,KCab-s_R
4,72,18,71.1836220703125,10,1347,5812981689,KCa'b'-m_R
5,77,15.4,50.63784609375,7,1348,5812981690,KCab-m_R
6,121,20.1666666666667,55.0588131510417,23,1349,5812981702,KCg-m_R
6,188,31.3333333333333,57.3773080357143,26,1350,5812981703,KCg-m_R
8,169,21.125,82.9655361328125,24,1351,5812981704,KCg-m_R
8,236,29.5,55.9405297851563,23,1352,5812981706,KCg-m_R
7,186,26.5714285714286,83.213359375,35,1353,5812981717,KCg-m_R
6,82,13.6666666666667,63.7778561197917,12,1354,5812981796,KCa'b'-m_R
5,94,18.8,67.94797421875,15,1355,5812981797,KCa'b'-m_R
6,93,15.5,52.561833984375,17,1356,5812981800,KCa'b'-m_R
4,73,18.25,65.8068603515625,9,1357,5812981816,KCa'b'-m_R
5,77,15.4,65.217796875,8,1358,5812981853,KCab-m_R
7,164,23.4285714285714,89.1733275669643,33,1360,5812981924,KCg-m_R
11,194,17.6363636363636,72.4638644831731,23,1361,5812981932,KCg-m_R
7,92,13.1428571428571,60.5612388392857,7,1362,5812981943,KCab-s_R
5,78,15.6,59.674784375,11,1363,5812981944,KCab-s_R
6,128,21.3333333333333,56.29501171875,15,1364,5812981950,KCab-m_R
7,174,24.8571428571429,49.4142706473214,26,1365,5812981951,KCg-m_R
5,91,18.2,57.83371015625,12,1366,5812981960,KCa'b'-m_R
4,117,29.25,64.687666015625,11,1367,5812981961,KCa'b'-ap2_R
3,39,13,75.77600390625,13,1368,5812981965,KCab-c_R
6,56,9.33333333333333,70.622103515625,6,1369,5812981970,KCab-c_R
5,99,19.8,69.458553125,7,1370,5812981971,KCab-s_R
5,84,16.8,62.9732734375,6,1371,5812981978,KCa'b'-m_R
8,131,16.375,74.7422021484375,29,1372,5812981986,KCg-m_R
5,113,22.6,43.7274875,28,1374,5812981990,KCg-m_R
4,83,20.75,91.45521484375,27,1375,5812982000,KCg-m_R
4,68,17,58.046921875,15,1376,5812982012,KCab-m_R
9,131,14.5555555555556,60.7078324652778,28,1377,5812982017,KCg-m_R
5,77,15.4,55.9065540364583,14,1379,5812982086,KCa'b'-m_R
3,24,8,60.92000390625,12,1380,5812982087,KCa'b'-m_R
5,76,15.2,48.4313294270833,7,1381,5812982088,KCa'b'-m_R
4,92,23,61.867091796875,12,1382,5812982145,KCa'b'-m_R
7,87,12.4285714285714,83.4518537946429,18,1383,5812982149,KCa'b'-m_R
4,114,28.5,58.892427734375,20,1384,5812982154,KCg-m_R
4,78,19.5,70.505904296875,7,1385,5812982162,KCab-m_R
11,178,16.1818181818182,71.42663671875,22,1386,5812982168,KCg-m_R
4,77,19.25,52.802232421875,8,1387,5812982177,KCab-m_R
5,108,21.6,54.98724453125,7,1388,5812982192,KCab-m_R
5,58,11.6,63.76433828125,12,1389,5812982204,KCab-c_R
7,105,15,57.9930336914063,29,1390,5812982205,KCg-m_R
2,59,29.5,71.9237265625,12,1391,5812982211,KCab-m_R
7,148,21.1428571428571,63.2844501953125,27,1392,5812982216,KCg-m_R
9,158,17.5555555555556,67.5131076388889,28,1393,5812982220,KCg-m_R
6,114,19,61.5015885416667,21,1394,5812982252,KCg-m_R
5,103,20.6,48.66744375,21,1395,5812982273,KCg-m_R
4,67,16.75,63.963236328125,8,1396,5812982316,KCab-m_R
6,159,26.5,52.2787018229167,30,1397,5812982328,KCg-m_R
5,85,17,69.990690625,9,1398,5812982329,KCa'b'-m_R
8,150,18.75,47.1928391113281,21,1400,5812982371,KCg-m_R
5,94,18.8,66.09605078125,13,1401,5812982372,KCab-m_R
6,92,15.3333333333333,77.6248515625,13,1402,5812982374,KCab-s_R
5,95,19,59.8447734375,12,1403,5812982388,KCab-m_R
5,96,19.2,74.57580078125,15,1404,5812982389,KCab-m_R
5,99,19.8,72.77093359375,9,1405,5812982390,KCab-m_R
3,63,21,61.1862044270833,10,1406,5812982397,KCa'b'-m_R
7,164,23.4285714285714,79.9167912946429,23,1407,5812982403,KCg-m_R
5,90,18,64.0547057291667,28,1408,5812982420,KCg-m_R
7,155,22.1428571428571,56.7900078125,20,1409,5812982421,KCg-m_R
4,100,25,49.6203525390625,21,1410,5812982422,KCg-m_R
4,84,21,71.0271552734375,16,1411,5812982426,KCab-m_R
8,92,11.5,84.38872265625,13,1412,5812982429,KCa'b'-m_R
6,135,22.5,85.2898697916667,34,1413,5812982436,KCg-m_R
6,94,15.6666666666667,76.6880084635417,28,1414,5812982437,KCg-m_R
5,139,27.8,106.0513765625,19,1415,5812982442,KCg-m_R
6,87,14.5,85.0686341145833,11,1416,5812982466,KCab-s_R
7,92,13.1428571428571,51.88303125,11,1417,5812982470,KCab-m_R
6,61,10.1666666666667,78.480908203125,17,1418,5812982471,KCab-s_R
4,90,22.5,58.173537109375,5,1419,5812982490,KCab-s_R
8,161,20.125,55.0712019042969,25,1420,5812982492,KCg-m_R
7,141,20.1428571428571,77.6286657366071,25,1421,5812982505,KCg-m_R
9,160,17.7777777777778,51.4260711805556,29,1422,5812982506,KCg-m_R
6,95,15.8333333333333,85.494775390625,16,1423,5812982514,KCab-s_R
4,60,15,77.3625125,8,1424,5812982520,KCab-c_R
6,68,11.3333333333333,65.9871953125,14,1425,5812982521,KCab-c_R
8,184,23,64.9542895507813,22,1426,5812982529,KCg-m_R
7,174,24.8571428571429,80.5014123883929,30,1427,5812982530,KCg-m_R
6,100,16.6666666666667,80.5274661458333,29,1428,5812982532,KCg-m_R
7,166,23.7142857142857,93.8545055803571,22,1431,5812982562,KCg-m_R
8,131,16.375,103.908175292969,20,1432,5812982577,KCg-m_R
5,124,24.8,68.5562171875,24,1433,5812982578,KCg-m_R
6,138,23,66.3663671875,22,1435,5812982589,KCg-m_R
9,187,20.7777777777778,49.435596484375,14,1436,5812982594,KCg-m_R
6,128,21.3333333333333,58.7199324776786,16,1437,5812982602,KCg-m_R
4,110,27.5,76.00896953125,32,1438,5812982610,KCg-m_R
7,143,20.4285714285714,73.8903895089286,20,1439,5812982620,KCg-m_R
3,61,20.3333333333333,55.2990572916667,12,1441,5812982692,KCa'b'-m_R
6,60,10,56.5158020833333,12,1442,5812982694,KCa'b'-m_R
7,82,11.7142857142857,60.4614263392857,5,1443,5812982706,KCa'b'-m_R
4,50,12.5,62.4084970703125,11,1444,5812982725,KCa'b'-m_R
4,25,6.25,87.3620765625,10,1445,5812982760,KCab-c_R
6,102,17,59.11867578125,9,1446,5812982761,KCab-m_R
8,179,22.375,58.8332080078125,25,1447,5812982766,KCg-m_R
7,97,13.8571428571429,73.3920599888393,8,1450,5812982802,KCab-s_R
3,68,22.6666666666667,40.7952610677083,22,1451,5812982803,KCg-m_R
5,76,15.2,57.2287288411458,18,1453,5812982825,KCg-m_R
10,148,14.8,58.185132421875,25,1455,5812982832,KCg-m_R
8,170,21.25,73.7688246527778,26,1456,5812982837,KCg-m_R
8,111,13.875,91.10992578125,13,1457,5812982871,KCg-m_R
5,128,25.6,31.2355779296875,29,1458,5812982872,KCg-m_R
6,148,24.6666666666667,56.9566166294643,25,1460,5812982875,KCg-m_R
7,163,23.2857142857143,68.0864782366071,22,1461,5812982876,KCg-m_R
5,91,18.2,82.39016875,12,1463,5812982925,KCa'b'-ap2_R
4,115,28.75,70.03341015625,38,1464,5812982999,KCg-m_R
6,146,24.3333333333333,52.155064453125,21,1465,5812983003,KCg-m_R
8,158,19.75,57.9400361328125,19,1467,5812983009,KCg-m_R
5,86,17.2,59.327846875,8,1468,5812983012,KCab-s_R
4,81,20.25,63.909201171875,11,1469,5812983023,KCab-m_R
4,89,22.25,52.4578662109375,10,1470,5812983028,KCab-m_R
4,80,20,63.6344052734375,7,1471,5812983038,KCab-m_R
6,178,29.6666666666667,61.4020768229167,20,1472,5812983042,KCg-m_R
2,68,34,61.162416015625,27,1473,5812983043,KCg-m_R
9,164,18.2222222222222,65.5332569444444,21,1474,5812983101,KCg-m_R
4,62,15.5,59.086646484375,7,1475,5812983106,KCab-m_R
6,73,12.1666666666667,60.766921875,10,1476,5812983107,KCab-m_R
4,55,13.75,64.8591357421875,16,1477,5812983112,KCa'b'-m_R
5,101,20.2,70.76092890625,7,1478,5812983114,KCab-s_R
4,64,16,71.543689453125,16,1479,5812983131,KCab-m_R
4,78,19.5,74.52312890625,13,1480,5812983133,KCab-c_R
6,106,17.6666666666667,47.29116796875,23,1482,5812983147,KCg-m_R
10,180,18,64.609017578125,28,1483,5812983152,KCg-m_R
5,77,15.4,64.5650171875,12,1484,5812983166,KCab-c_R
3,68,22.6666666666667,53.9488138020833,11,1485,5812983174,KCa'b'-m_R
7,129,18.4285714285714,52.8751049107143,23,1486,5812983192,KCg-m_R
8,177,22.125,42.8015395507812,27,1488,5812983200,KCg-m_R
3,73,24.3333333333333,64.2031953125,8,1489,5812983206,KCab-m_R
6,90,15,65.6426419270833,4,1490,5812983213,KCab-s_R
5,72,14.4,68.566615625,10,1491,5812983268,KCab-s_R
5,100,20,57.2575390625,13,1492,5812983272,KCab-m_R
4,64,16,44.281607421875,18,1494,5812983302,KCab-c_R
5,75,15,77.77523359375,6,1495,5812983303,KCab-s_R
3,23,7.66666666666667,56.69942578125,4,1496,5812983309,KCab-c_R
9,115,12.7777777777778,49.0395230034722,26,1497,5812983310,KCg-m_R
5,46,9.2,65.1399328125,10,1498,5812983319,KCab-c_R
2,75,37.5,38.8101484375,30,1499,5812983321,KCg-m_R
8,146,18.25,91.3706235351563,21,1500,5812983322,KCg-m_R
4,92,23,66.24140234375,22,1501,5812983323,KCg-m_R
4,45,11.25,68.0005671875,11,1502,5812983328,KCab-c_R
7,169,24.1428571428571,60.4549603794643,19,1503,5812983330,KCg-m_R
3,73,24.3333333333333,28.0149075520833,14,1504,5812983337,KCg-m_R
4,83,20.75,53.4634443359375,9,1505,5812983345,KCab-m_R
4,70,17.5,50.0288515625,17,1506,5812983346,KCab-m_R
5,80,16,54.44207578125,11,1507,5812983423,KCab-m_R
5,67,13.4,78.826834375,11,1508,5812983427,KCab-c_R
5,50,10,52.845380859375,9,1510,5812983451,KCa'b'-ap2_R
4,50,12.5,69.3615140625,7,1511,5812983454,KCab-s_R
4,52,13,58.8525810546875,7,1512,5812983455,KCab-m_R
6,96,16,53.476169921875,10,1513,5812983544,KCa'b'-ap2_R
3,23,7.66666666666667,45.2982467447917,6,1514,5812983569,KCa'b'-ap2_R
6,33,5.5,67.7109049479167,10,1516,5812983575,KCab-c_R
2,25,12.5,64.293873046875,11,1517,5812983576,KCab-c_R
5,65,13,79.449634375,14,1518,5812983578,KCab-c_R
2,22,11,61.683529296875,9,1519,5812983579,KCab-c_R
5,59,11.8,58.45944140625,18,1520,5812983608,KCab-c_R
7,145,20.7142857142857,90.3857751116071,25,1523,5812983657,KCg-m_R
7,121,17.2857142857143,77.9510228794643,17,1524,5812983658,KCg-m_R
10,151,15.1,54.4384013671875,23,1525,5812983673,KCg-m_R
3,35,11.6666666666667,73.7979036458333,5,1526,5812983745,KCab-c_R
6,90,15,52.1715709635417,7,1528,5812983851,KCab-m_R
6,82,13.6666666666667,69.12802734375,9,1529,5812983861,KCab-m_R
4,48,12,50.5874794921875,8,1530,5812983866,KCa'b'-m_R
6,59,9.83333333333333,73.168427734375,10,1531,5812983869,KCa'b'-ap2_R
4,35,8.75,63.720959375,11,1532,5812983871,KCa'b'-ap2_R
7,64,9.14285714285714,79.9148883928572,15,1533,5812983898,KCa'b'-ap2_R
4,58,14.5,69.54908984375,11,1534,5812983899,KCa'b'-ap2_R
3,51,17,52.925896484375,10,1536,5812984045,KCa'b'-ap2_R
8,154,19.25,53.0931740722656,25,1537,5812987762,KCg-m_R
8,128,16,50.6696169433594,24,1538,5812989173,KCg-m_R
3,77,25.6666666666667,62.1424114583333,12,1540,5813011555,KCab-m_R
3,71,23.6666666666667,100.143736979167,7,1541,5813019609,KCab-s_R
6,92,15.3333333333333,79.7159622395833,12,1542,5813019763,KCab-s_R
4,65,16.25,77.54346875,20,1543,5813019770,KCab-c_R
4,83,20.75,76.3770595703125,14,1544,5813019772,KCab-c_R
8,102,12.75,78.8174565429688,19,1545,5813019774,KCab-c_R
6,151,25.1666666666667,71.13583203125,25,1546,5813019779,KCg-m_R
7,155,22.1428571428571,68.6431796875,24,1547,5813019801,KCg-m_R
8,151,18.875,63.0096772460938,24,1548,5813019917,KCg-m_R
8,181,22.625,53.5641518554688,23,1549,5813019982,KCg-m_R
5,82,16.4,69.169390625,10,1551,5813020046,KCa'b'-ap2_R
5,80,16,102.27005,9,1552,5813020047,KCa'b'-ap2_R
3,38,12.6666666666667,70.7691979166667,4,1553,5813020052,KCa'b'-ap2_R
4,76,19,89.21026171875,12,1554,5813020057,KCa'b'-ap2_R
5,138,27.6,86.80485234375,20,1556,5813020089,KCg-m_R
8,200,25,59.8515,23,1557,5813020132,KCg-m_R
5,113,22.6,86.7621223958333,16,1558,5813020271,KCa'b'-ap2_R
4,72,18,61.812876953125,13,1559,5813020274,KCab-m_R
3,57,19,65.6756471354167,12,1560,5813020830,KCab-m_R
7,115,16.4285714285714,61.78293359375,9,1561,5813020831,KCab-s_R
4,51,12.75,85.5687626953125,15,1562,5813021016,KCab-c_R
3,61,20.3333333333333,65.8361341145833,12,1563,5813021017,KCab-c_R
4,77,19.25,69.052556640625,5,1564,5813021019,KCab-m_R
4,46,11.5,67.5180224609375,15,1565,5813021023,KCab-c_R
4,38,9.5,62.8033994140625,11,1567,5813021135,KCab-c_R
5,75,15,54.614207421875,5,1568,5813021174,KCa'b'-m_R
7,79,11.2857142857143,54.3538671875,8,1569,5813021251,KCab-s_R
5,52,10.4,69.215696875,5,1570,5813021263,KCab-s_R
7,151,21.5714285714286,49.0133384486607,21,1571,5813021273,KCg-m_R
9,161,17.8888888888889,76.8474578993055,22,1572,5813021275,KCg-m_R
5,126,25.2,64.1180515625,15,1573,5813021277,KCab-m_R
8,195,24.375,67.355501953125,22,1574,5813021289,KCg-m_R
5,55,11,82.8324359375,14,1575,5813021292,KCab-c_R
9,226,25.1111111111111,73.9047022569444,29,1576,5813021294,KCg-m_R
6,133,22.1666666666667,65.7597897135417,29,1577,5813021296,KCg-m_R
6,82,13.6666666666667,81.8469915364583,9,1578,5813021301,KCab-s_R
7,99,14.1428571428571,67.7720864955357,8,1579,5813021303,KCab-s_R
5,63,12.6,63.12748828125,10,1580,5813021304,KCab-s_R
7,97,13.8571428571429,55.8249614955357,8,1581,5813021311,KCab-m_R
2,43,21.5,50.648779296875,4,1582,5813021312,KCab-m_R
4,73,18.25,58.4722177734375,9,1583,5813021313,KCab-m_R
4,69,17.25,65.6760734375,7,1584,5813021314,KCab-m_R
2,57,28.5,64.874701171875,5,1585,5813021315,KCab-m_R
7,46,6.57142857142857,80.4650982142857,11,1586,5813021316,KCab-c_R
6,93,15.5,63.7063541666667,14,1587,5813021319,KCab-m_R
5,113,22.6,62.859315625,10,1588,5813021326,KCab-m_R
9,179,19.8888888888889,55.8908899739583,32,1589,5813021332,KCg-m_R
4,99,24.75,56.3852856445313,23,1590,5813021341,KCg-m_R
7,162,23.1428571428571,55.6827109375,16,1591,5813021363,KCg-m_R
7,122,17.4285714285714,53.7149938616071,20,1592,5813021379,KCg-m_R
7,195,27.8571428571429,51.60662890625,22,1593,5813021380,KCg-m_R
9,198,22,58.3719249131944,29,1594,5813021382,KCg-m_R
5,72,14.4,85.53572265625,10,1595,5813021386,KCab-s_R
5,65,13,70.0803046875,17,1596,5813021397,KCab-c_R
5,84,16.8,71.8608546875,6,1597,5813021399,KCab-s_R
6,95,15.8333333333333,65.9995501302083,9,1598,5813021400,KCab-m_R
6,91,15.1666666666667,77.1076165364583,12,1599,5813021401,KCab-s_R
2,99,49.5,57.988197265625,16,1600,5813021404,KCab-m_R
4,49,12.25,79.97514453125,18,1601,5813021411,KCab-c_R
5,124,24.8,67.4202203125,28,1602,5813021415,KCg-m_R
3,100,33.3333333333333,55.9359752604167,11,1603,5813021441,KCab-m_R
3,22,7.33333333333333,64.2134947916667,7,1604,5813021446,KCab-c_R
4,69,17.25,83.13085,8,1605,5813021447,KCab-c_R
7,104,14.8571428571429,79.4016121651786,13,1606,5813021449,KCab-m_R
6,146,24.3333333333333,59.7632882254464,23,1607,5813021452,KCg-m_R
4,71,17.75,53.3390400390625,15,1608,5813021463,KCab-m_R
5,89,17.8,68.21703125,10,1609,5813021464,KCab-s_R
5,94,18.8,82.21824921875,11,1610,5813021465,KCab-m_R
8,152,19,68.604419921875,17,1611,5813021469,KCg-m_R
5,51,10.2,62.7275890625,13,1612,5813021471,KCab-c_R
6,83,13.8333333333333,71.5685553385417,10,1613,5813021642,KCa'b'-m_R
6,109,18.1666666666667,51.2809557291667,13,1614,5813021645,KCa'b'-m_R
4,65,16.25,49.78030859375,9,1615,5813021647,KCab-m_R
6,147,24.5,71.239275390625,35,1616,5813021659,KCg-m_R
5,58,11.6,58.651885546875,14,1617,5813021736,KCa'b'-ap2_R
6,100,16.6666666666667,57.9106080729167,12,1618,5813021748,KCa'b'-ap2_R
5,64,12.8,88.9277859375,15,1619,5813021766,KCa'b'-ap2_R
3,58,19.3333333333333,70.11662109375,11,1620,5813021772,KCa'b'-m_R
4,50,12.5,91.7933203125,6,1621,5813021778,KCa'b'-m_R
3,62,20.6666666666667,95.4727578125,11,1622,5813021779,KCa'b'-ap2_R
5,56,11.2,60.533325,12,1623,5813021781,KCa'b'-ap2_R
6,98,16.3333333333333,102.83476171875,19,1624,5813021786,KCa'b'-m_R
4,57,14.25,47.284728515625,8,1626,5813021792,KCa'b'-m_R
5,72,14.4,79.509065625,19,1627,5813021799,KCa'b'-ap2_R
2,59,29.5,85.65927734375,10,1629,5813021806,KCa'b'-ap2_R
3,86,28.6666666666667,41.358201171875,12,1634,5813021832,KCa'b'-m_R
5,54,10.8,81.20210234375,12,1635,5813021848,KCa'b'-ap2_R
7,165,23.5714285714286,58.9184559151786,20,1637,5813021865,KCg-m_R
2,56,28,65.1664375,14,1638,5813021989,KCab-c_R
5,86,17.2,78.68839140625,18,1639,5813021999,KCab-c_R
3,98,32.6666666666667,91.4920677083334,13,1641,5813022042,KCab-c_R
6,93,15.5,79.784955078125,19,1642,5813022049,KCab-m_R
4,53,13.25,78.42016875,16,1643,5813022050,KCab-c_R
4,82,20.5,62.641689453125,6,1644,5813022054,KCab-m_R
10,208,20.8,70.10745,21,1645,5813022060,KCg-m_R
6,92,15.3333333333333,65.8692180989583,14,1646,5813022117,KCa'b'-ap2_R
6,148,24.6666666666667,55.2369055989583,27,1647,5813022119,KCg-m_R
7,178,25.4285714285714,53.9949933035714,34,1648,5813022133,KCg-m_R
6,99,16.5,64.543470703125,10,1649,5813022175,KCab-m_R
8,155,19.375,83.994013671875,20,1650,5813022203,KCg-m_R
8,174,21.75,65.7953974609375,21,1651,5813022207,KCg-m_R
6,131,21.8333333333333,56.5745989583333,19,1652,5813022210,KCg-m_R
6,96,16,69.3748313802083,5,1653,5813022212,KCab-s_R
8,119,14.875,58.4482836914063,17,1657,5813022352,KCg-m_R
10,150,15,52.68723046875,28,1658,5813027400,KCg-m_R
7,142,20.2857142857143,55.6229129464286,28,1659,5813027460,KCg-m_R
4,69,17.25,53.837425390625,7,1660,5813027584,KCab-m_R
9,128,14.2222222222222,61.3434826388889,32,1661,5813027704,KCg-m_R
4,26,6.5,65.3998720703125,10,1663,5813032245,KCab-c_R
6,150,25,47.7987610677083,28,1664,5813032541,KCg-m_R
4,73,18.25,60.29880703125,23,1665,5813032552,KCg-m_R
4,74,18.5,64.3232275390625,9,1667,5813032694,KCab-m_R
5,40,8,64.62437890625,7,1668,5813032702,KCab-c_R
5,72,14.4,48.43893828125,11,1669,5813032734,KCab-m_R
5,124,24.8,62.78846171875,11,1670,5813032759,KCab-m_R
9,155,17.2222222222222,43.5232465277778,27,1672,5813032782,KCg-m_R
4,46,11.5,59.198619140625,8,1673,5813032811,KCa'b'-m_R
4,63,15.75,77.7061904296875,10,1674,5813032868,KCa'b'-ap2_R
3,30,10,56.9785911458333,10,1675,5813032874,KCa'b'-ap2_R
7,72,10.2857142857143,57.9450256696429,11,1678,5813032896,KCa'b'-ap2_R
5,95,19,53.360403125,21,1679,5813032900,KCa'b'-ap2_R
6,53,8.83333333333333,85.3277994791667,14,1681,5813032946,KCab-c_R
9,145,16.1111111111111,77.822241015625,21,1682,5813032967,KCg-m_R
7,88,12.5714285714286,65.4228286830357,8,1683,5813033009,KCab-s_R
9,174,19.3333333333333,53.3376072048611,23,1684,5813033012,KCg-m_R
8,145,18.125,68.8353950195312,26,1685,5813033059,KCg-m_R
8,166,20.75,64.5503081054688,27,1686,5813033065,KCg-m_R
3,46,15.3333333333333,84.3667916666667,6,1689,5813033127,KCa'b'-ap2_R
10,131,13.1,100.51856015625,12,1690,5813033144,KCg-m_R
5,79,15.8,58.9458515625,15,1691,5813033208,KCa'b'-ap2_R
7,186,26.5714285714286,61.9048113839286,22,1692,5813033226,KCg-m_R
3,41,13.6666666666667,80.4473671875,8,1693,5813033259,KCab-c_R
4,73,18.25,51.8281904296875,11,1694,5813033267,KCab-m_R
4,56,14,62.384666015625,7,1695,5813033277,KCab-m_R
6,86,14.3333333333333,71.012423828125,9,1697,5813035558,KCab-s_R
6,156,26,80.2812712053571,25,1698,5813035612,KCg-m_R
7,222,31.7142857142857,89.4031227678571,24,1701,5813040171,KCg-m_R
11,156,14.1818181818182,73.0124307528409,23,1702,5813041206,KCg-m_R
6,82,13.6666666666667,53.4914231770833,8,1703,5813042616,KCab-m_R
6,88,14.6666666666667,64.931283203125,13,1704,5813047220,KCa'b'-m_R
5,56,11.2,59.518028125,9,1705,5813047221,KCa'b'-m_R
10,106,10.6,79.9715734375,24,1706,5813047662,KCg-m_R
4,44,11,101.667728515625,10,1707,5813047676,KCa'b'-ap2_R
6,109,18.1666666666667,62.9776634114583,12,1710,5813050765,KCa'b'-ap2_R
2,60,30,72.86816796875,13,1711,5813050818,KCab-m_R
5,94,18.8,61.703571875,11,1712,5813050820,KCab-m_R
8,164,20.5,66.4418251953125,23,1713,5813053821,KCg-m_R
7,170,24.2857142857143,52.7869426269531,32,1714,5813053878,KCg-m_R
5,144,28.8,67.8807015625,23,1715,5813053885,KCg-m_R
7,193,27.5714285714286,69.7485239955357,27,1716,5813053886,KCg-m_R
7,174,24.8571428571429,69.4126400669643,20,1717,5813053888,KCg-m_R
2,51,25.5,61.547677734375,17,1718,5813053935,KCg-m_R
10,190,19,85.410218359375,23,1719,5813053937,KCg-m_R
6,138,23,65.038078125,15,1720,5813054085,KCg-m_R
9,146,16.2222222222222,75.5923645833333,26,1721,5813054086,KCg-m_R
5,94,18.8,74.24814609375,9,1722,5813054342,KCab-s_R
5,88,17.6,108.67374375,5,1723,5813054343,KCab-s_R
4,72,18,66.43157421875,9,1724,5813054643,KCab-m_R
7,95,13.5714285714286,59.0321434151786,8,1725,5813055889,KCab-s_R
5,119,23.8,99.8224875,7,1726,5813055914,KCab-s_R
3,52,17.3333333333333,70.3453450520833,12,1727,5813055916,KCab-c_R
8,170,21.25,54.7907104492187,34,1728,5813055923,KCg-m_R
7,161,23,59.6458013392857,23,1729,5813055924,KCg-m_R
3,68,22.6666666666667,48.1503372395833,11,1730,5813056110,KCab-m_R
6,131,21.8333333333333,79.1506579241071,20,1731,5813056120,KCg-m_R
7,173,24.7142857142857,56.77910546875,22,1732,5813056121,KCg-m_R
4,58,14.5,42.5245703125,8,1734,5813056234,KCab-m_R
8,99,12.375,75.7943359375,8,1735,5813056299,KCa'b'-m_R
6,66,11,70.0752314453125,10,1736,5813056300,KCa'b'-ap2_R
6,75,12.5,54.8858684895833,19,1737,5813056305,KCa'b'-m_R
6,70,11.6666666666667,73.8855885416667,6,1738,5813056307,KCa'b'-m_R
6,118,19.6666666666667,64.1378756510417,28,1739,5813056309,KCg-m_R
6,145,24.1666666666667,60.4123111979167,22,1740,5813056311,KCg-m_R
5,111,22.2,64.7047265625,15,1741,5813056313,KCa'b'-ap2_R
5,67,13.4,46.6053190104167,10,1742,5813056327,KCa'b'-m_R
6,75,12.5,68.3370514322917,13,1743,5813056355,KCab-s_R
5,75,15,57.51860859375,12,1744,5813056372,KCa'b'-m_R
6,126,21,51.1791009114583,26,1745,5813056383,KCg-m_R
4,68,17,89.815900390625,8,1746,5813056390,KCa'b'-ap2_R
3,100,33.3333333333333,63.94684765625,18,1747,5813056395,KCab-m_R
8,123,15.375,65.449494140625,19,1748,5813056414,KCg-m_R
5,90,18,74.46032421875,10,1749,5813057187,KCab-s_R
7,178,25.4285714285714,53.6184047851563,22,1750,5813057191,KCg-m_R
7,147,21,81.1506272321429,28,1751,5813057210,KCg-m_R
4,67,16.75,67.3767197265625,4,1752,5813057213,KCab-m_R
6,69,11.5,74.4037864583333,8,1753,5813057227,KCa'b'-m_R
4,78,19.5,59.2071943359375,9,1754,5813057239,KCa'b'-m_R
5,166,33.2,79.8053265625,28,1755,5813057468,KCg-m_R
5,46,9.2,77.12148984375,9,1756,5813057573,KCab-c_R
5,139,27.8,64.57790859375,30,1758,5813057869,KCg-m_R
5,59,11.8,52.6423171875,7,1759,5813057942,KCa'b'-m_R
9,175,19.4444444444444,69.5192291666667,26,1760,5813057956,KCg-m_R
5,78,15.6,63.80542890625,7,1762,5813058069,KCab-m_R
3,61,20.3333333333333,38.7709830729167,9,1763,5813058106,KCab-m_R
5,99,19.8,78.2929125,15,1764,5813058163,KCa'b'-ap2_R
3,32,10.6666666666667,64.4420533854167,11,1765,5813058215,KCa'b'-ap2_R
6,66,11,60.686134765625,8,1766,5813059951,KCa'b'-ap2_R
5,88,17.6,73.38380390625,4,1767,5813060614,KCab-s_R
6,106,17.6666666666667,49.2349788411458,24,1769,5813060663,KCg-m_R
6,100,16.6666666666667,80.1673113839286,7,1770,5813060774,KCa'b'-ap2_R
6,94,15.6666666666667,71.2776705729167,12,1771,5813060776,KCa'b'-ap2_R
6,131,21.8333333333333,78.2174791666667,20,1772,5813060798,KCg-m_R
10,154,15.4,81.289663671875,28,1773,5813060799,KCg-m_R
8,165,20.625,44.3524006076389,27,1774,5813060811,KCg-m_R
8,117,14.625,90.5368696289062,17,1775,5813060812,KCg-m_R
6,76,12.6666666666667,73.2640247395833,14,1776,5813061044,KCab-c_R
5,99,19.8,59.85800625,9,1778,5813061625,KCab-m_R
10,192,19.2,77.854201953125,26,1781,5813062617,KCg-m_R
8,153,19.125,52.2561079101562,24,1782,5813062631,KCg-m_R
7,190,27.1428571428571,65.6393772321429,37,1783,5813062637,KCg-m_R
8,121,15.125,62.4059555664063,20,1784,5813062645,KCg-m_R
4,72,18,73.2640625,7,1785,5813062830,KCab-c_R
4,57,14.25,83.5774755859375,11,1786,5813062842,KCa'b'-m_R
5,63,12.6,78.70588359375,11,1787,5813062850,KCab-s_R
7,138,19.7142857142857,77.7413828125,23,1788,5813062862,KCg-m_R
4,56,14,44.1218720703125,10,1789,5813063140,KCa'b'-m_R
3,43,14.3333333333333,72.15458984375,9,1790,5813063224,KCa'b'-ap2_R
4,100,25,87.795267578125,15,1791,5813063229,KCab-s_R
5,36,7.2,84.4530424107143,12,1792,5813063449,KCab-c_R
3,62,20.6666666666667,48.4323717447917,7,1793,5813063527,KCa'b'-m_R
10,204,20.4,75.829227734375,30,1795,5813064793,KCg-m_R
4,100,25,51.3991318359375,10,1796,5813065308,KCab-m_R
4,98,24.5,64.617927734375,4,1797,5813065443,KCab-s_R
5,75,15,60.7214734375,6,1798,5813067736,KCab-m_R
5,88,17.6,60.70589140625,11,1799,5813067761,KCab-m_R
5,172,34.4,72.368736328125,25,1800,5813067765,KCg-m_R
5,62,12.4,71.1736609375,6,1801,5813067779,KCab-s_R
5,121,24.2,31.811507421875,26,1802,5813067792,KCg-m_R
4,91,22.75,36.58371328125,21,1803,5813067793,KCg-m_R
7,135,19.2857142857143,55.3234637276786,23,1804,5813067795,KCg-m_R
7,139,19.8571428571429,81.6460647321429,33,1805,5813067817,KCg-m_R
8,179,22.375,56.931484375,32,1807,5813067833,KCg-m_R
6,98,16.3333333333333,56.405642578125,8,1808,5813067836,KCab-m_R
3,50,16.6666666666667,59.8192239583333,8,1809,5813067858,KCa'b'-ap2_R
3,69,23,44.6669401041667,11,1810,5813067869,KCab-m_R
4,58,14.5,57.4782685546875,10,1811,5813068687,KCa'b'-m_R
5,67,13.4,74.57601953125,17,1812,5813068690,KCa'b'-m_R
4,75,18.75,55.8862006835938,13,1813,5813068692,KCa'b'-ap2_R
5,82,16.4,82.55573515625,8,1814,5813068743,KCab-s_R
4,73,18.25,72.882017578125,14,1815,5813068752,KCa'b'-m_R
7,150,21.4285714285714,75.2929564732143,15,1816,5813068969,KCg-m_R
7,138,19.7142857142857,62.0889151785714,34,1818,5813069096,KCg-m_R
5,90,18,58.51647109375,8,1819,5813069114,KCab-s_R
3,45,15,83.1927005208333,12,1820,5813069379,KCa'b'-ap2_R
6,47,7.83333333333333,59.31212109375,6,1821,5813069385,KCa'b'-m_R
7,117,16.7142857142857,49.9694271763393,20,1822,5813069792,KCg-m_R
10,148,14.8,105.67754921875,34,1824,5813070581,KCg-m_R
6,117,19.5,53.877439453125,23,1825,5813070672,KCg-m_R
4,78,19.5,60.37703125,12,1826,5813071406,KCab-m_R
9,199,22.1111111111111,65.4081649305555,26,1827,5813075855,KCg-m_R
5,117,23.4,61.85164765625,17,1828,5813077572,KCg-m_R
3,36,12,68.00424609375,8,1830,5813077579,KCa'b'-ap2_R
4,78,19.5,82.0023896484375,14,1831,5813077582,KCa'b'-ap2_R
4,78,19.5,80.1198251953125,8,1832,5813077583,KCa'b'-ap2_R
9,149,16.5555555555556,51.5753489583333,25,1835,5813077610,KCg-m_R
6,142,23.6666666666667,68.1659609375,29,1836,5813077611,KCg-m_R
8,199,24.875,78.2328525390625,24,1837,5813077613,KCg-m_R
7,88,12.5714285714286,65.1827008928571,7,1838,5813077616,KCab-s_R
5,107,21.4,72.265807421875,8,1839,5813078053,KCab-s_R
3,93,31,55.9034404296875,19,1840,5813078064,KCa'b'-m_R
5,52,10.4,57.9299046875,10,1841,5813078179,KCa'b'-ap2_R
3,55,18.3333333333333,47.6811171875,11,1843,5813078499,KCa'b'-m_R
4,63,15.75,47.5979194335938,9,1844,5813078507,KCab-s_R
5,75,15,89.8051734375,9,1845,5813078552,KCab-s_R
4,91,22.75,75.796267578125,20,1848,5813079050,KCg-m_R
6,70,11.6666666666667,49.318666015625,8,1849,5813079174,KCab-m_R
9,150,16.6666666666667,54.2697152777778,26,1850,5813079489,KCg-m_R
5,94,18.8,65.879465625,14,1851,5813080254,KCab-m_R
5,87,17.4,68.70160703125,6,1852,5813080343,KCab-m_R
8,171,21.375,71.5663100585938,27,1853,5813080766,KCg-m_R
5,123,24.6,69.15803515625,24,1854,5813081174,KCg-m_R
2,52,26,78.70711328125,16,1857,5813081511,KCab-c_R
5,62,12.4,66.2807734375,10,1858,5813081797,KCab-s_R
5,82,16.4,78.2610515625,4,1859,5813082811,KCab-s_R
6,70,11.6666666666667,71.7928671875,12,1860,5813082847,KCab-c_R
5,66,13.2,71.05444375,10,1862,5813083719,KCab-m_R
8,143,17.875,50.8565927734375,24,1863,5813083990,KCg-m_R
9,188,20.8888888888889,89.9853385416667,28,1865,5813084692,KCg-m_R
4,67,16.75,87.29499609375,11,1866,5813085240,KCa'b'-ap2_R
6,55,9.16666666666667,81.3516432291667,13,1867,5813086212,KCab-c_R
5,123,24.6,61.10446171875,11,1868,5813087453,KCab-m_R
6,150,25,96.2607760416667,26,1869,5813087798,KCg-m_R
5,57,11.4,80.1794453125,13,1870,5813087831,KCab-c_R
6,74,12.3333333333333,84.8611953125,5,1871,5813088058,KCab-s_R
3,80,26.6666666666667,90.5505078125,9,1872,5813088767,KCab-s_R
2,47,23.5,80.32015625,12,1873,5813089804,KCab-m_R
6,82,13.6666666666667,65.4906946614583,14,1874,5813090605,KCab-m_R
5,107,21.4,64.51262578125,10,1875,5813090861,KCab-m_R
6,74,12.3333333333333,56.5812135416667,10,1878,5813091211,KCab-s_R
5,60,12,72.580096875,9,1879,5813091313,KCab-m_R
7,206,29.4285714285714,64.295875,25,1882,5813093014,KCg-m_R
5,74,14.8,100.6677546875,7,1883,5813093111,KCa'b'-ap2_R
4,78,19.5,56.310640625,11,1884,5813093544,KCab-m_R
2,62,31,62.985498046875,28,1886,5813094364,KCg-m_R
6,110,18.3333333333333,44.1086875,27,1887,5813094743,KCg-m_R
5,75,15,94.4051828125,14,1888,5813095018,KCa'b'-ap2_R
5,83,16.6,47.79184375,10,1889,5813095238,KCab-m_R
5,110,22,50.949153125,12,1890,5813095472,KCa'b'-m_R
11,184,16.7272727272727,71.6006843039773,19,1891,5813095523,KCg-m_R
7,169,24.1428571428571,68.0374698660714,24,1892,5813095915,KCg-m_R
3,40,13.3333333333333,80.14198046875,12,1893,5813096260,KCa'b'-ap2_R
7,94,13.4285714285714,91.9837276785714,17,1894,5813096281,KCab-c_R
4,58,14.5,81.937884765625,8,1896,5813098738,KCab-s_R
7,149,21.2857142857143,68.3297700195312,24,1897,5813099399,KCg-m_R
4,75,18.75,60.100578125,6,1898,5813099783,KCab-m_R
6,113,18.8333333333333,48.0685662434896,26,1899,5813101387,KCg-m_R
10,177,17.7,57.147380859375,22,1900,5813102642,KCg-m_R
7,142,20.2857142857143,51.7013895089286,28,1901,5813104095,KCg-m_R
8,170,21.25,58.9052119140625,28,1902,5813104096,KCg-m_R
5,73,14.6,68.0676203125,5,1903,5813106192,KCab-m_R
4,80,20,67.2156337890625,9,1904,5813106497,KCab-m_R
7,79,11.2857142857143,77.80104296875,7,1905,5813109913,KCab-s_R
6,97,16.1666666666667,91.1367526041667,12,1906,5813110152,KCab-s_R
4,66,16.5,106.662556640625,7,1907,5813110238,KCab-s_R
9,170,18.8888888888889,47.7606623263889,28,1909,5813110639,KCg-m_R
4,52,13,59.8549677734375,7,1910,5813110928,KCab-s_R
5,69,13.8,53.511753125,10,1913,5813113782,KCab-m_R
5,78,15.6,51.3550640625,11,1914,5813114253,KCab-m_R
6,95,15.8333333333333,76.4103489583333,11,1917,5813128857,KCab-c_R
7,136,19.4285714285714,62.9554045758929,25,1918,5901193485,KCg-m_R
8,122,15.25,63.8792553710938,26,1920,5901197726,KCg-m_R
8,183,22.875,62.4709252929688,22,1921,5901198074,KCg-m_R
4,77,19.25,81.436357421875,11,1922,5901202076,KCab-c_R
6,100,16.6666666666667,71.6405809151786,24,1923,5901202102,KCg-m_R
4,45,11.25,86.224330078125,12,1924,5901205770,KCab-s_R
3,65,21.6666666666667,64.8199205729167,8,1925,5901207528,KCab-c_R
6,125,20.8333333333333,59.7416986607143,20,1926,5901225361,KCg-m_R
